Q1,Q2,Q3,Q5,Q6,Q7,Q8,Q9,Q10,Q11,Q12,Q13,Q14,Q15,Q16,Q37,Q39,Q41,Q42,Q44,Q45,Q46,Q47,Q53,Q56,Q57,Q58,Q60,Q62,Q63,target
0,2,1,2,0,1,1,0,5,1,1,0,2,0,0,0,0,0,1,1,2,1,2,0,0,1,49,49,0,2,No
0,4,1,1,2,2,2,2,3,1,1,0,2,2,0,0,1,1,1,1,2,2,2,1,2,1,50,50,5,1,Yes
0,4,1,1,0,1,1,0,1,0,1,0,0,0,0,2,2,0,0,0,2,1,0,1,0,1,49,49,0,0,No
1,2,1,3,0,1,1,0,3,0,1,0,2,0,0,2,0,3,0,1,2,1,2,1,1,1,49,49,10,2,Yes
0,4,0,3,2,1,1,1,1,2,0,0,1,1,0,0,1,3,0,2,2,2,2,1,1,0,50,50,5,2,Yes
0,5,1,3,0,1,2,2,3,2,2,0,2,1,1,2,0,3,0,2,1,1,1,1,1,1,49,49,5,2,Yes
0,2,1,0,1,1,1,0,3,1,1,0,2,2,0,2,2,3,1,1,2,1,1,0,0,1,50,50,0,2,No
0,5,1,3,2,1,2,2,5,1,1,0,2,0,0,1,1,0,0,3,0,2,2,1,0,0,50,50,0,0,Yes
0,2,0,0,1,1,1,0,4,2,2,2,0,1,0,0,0,0,4,3,1,2,2,1,1,0,50,50,7,2,Yes
1,2,1,3,0,1,1,0,3,0,1,0,2,0,0,2,0,0,1,1,2,2,2,1,0,1,50,50,5,0,Yes
0,2,1,3,0,2,2,2,5,1,1,0,2,2,0,2,2,1,0,3,0,0,2,1,2,1,50,50,5,1,Yes
0,1,0,3,2,1,0,0,2,2,1,1,1,1,0,1,1,3,3,1,2,2,2,1,0,1,50,50,4,2,Yes
0,1,1,3,0,1,1,2,5,1,1,2,2,2,0,1,1,2,2,1,2,2,2,1,0,0,50,50,5,0,Yes
0,1,0,3,2,2,2,2,3,1,1,1,0,2,0,2,1,0,3,2,0,1,0,0,1,1,11,10,5,2,Maybe
0,1,1,3,2,1,0,2,5,1,1,2,2,1,0,1,1,2,2,1,2,2,2,1,0,1,50,50,1,0,Yes
0,1,1,0,1,1,0,0,1,0,0,0,0,0,0,0,0,0,0,1,2,2,2,1,3,1,50,50,4,2,Yes
0,2,1,2,1,1,1,0,4,0,1,0,0,1,0,2,1,4,1,2,2,2,2,1,0,0,11,10,5,0,Yes
0,3,1,1,1,1,1,0,0,0,1,2,0,1,0,1,1,0,0,0,0,1,1,0,0,1,49,49,0,1,No
1,2,1,3,0,1,1,0,3,0,1,0,2,0,0,1,1,4,4,3,2,0,2,1,2,0,50,50,7,0,Yes
0,1,0,0,1,1,1,0,0,2,1,1,1,2,0,2,1,3,3,1,2,2,2,1,0,1,50,50,5,2,Yes
0,4,1,1,0,1,1,0,5,1,1,0,2,0,0,0,1,3,3,0,0,2,0,0,2,1,50,50,0,2,No
0,5,0,3,1,2,0,0,3,1,1,0,2,0,0,1,1,0,0,1,2,1,1,0,0,1,50,50,8,1,No
0,2,1,3,2,1,1,0,5,0,0,0,1,0,0,0,0,0,1,1,2,0,0,0,2,1,22,21,0,2,No
0,0,1,3,2,1,1,0,2,0,1,0,0,0,0,1,1,3,0,3,0,2,2,1,0,1,11,10,0,2,No
1,2,1,3,0,1,1,0,3,0,1,0,2,0,0,0,0,0,1,1,2,1,1,0,0,1,50,50,10,2,No
0,1,0,3,2,0,2,2,5,1,1,0,0,2,0,0,0,0,1,0,1,1,1,0,1,1,22,21,0,1,No
0,2,0,1,1,1,1,0,4,2,2,1,1,1,0,1,0,3,3,0,2,0,2,1,2,1,34,33,0,2,Yes
0,1,1,0,1,1,1,0,2,1,1,1,1,0,0,0,1,3,3,0,1,1,1,1,0,1,22,21,0,1,Maybe
0,3,0,0,1,2,2,0,1,0,1,0,0,0,1,0,1,3,1,3,2,2,2,1,0,0,49,49,8,1,Maybe
0,4,1,2,0,1,1,2,3,1,1,2,2,2,0,1,1,3,3,3,0,2,2,1,0,2,49,49,1,1,Yes
0,1,1,2,2,1,1,0,3,0,1,0,0,1,0,0,0,3,0,0,1,2,2,1,0,2,22,21,0,1,Yes
0,1,1,3,2,1,2,2,5,1,1,2,2,2,0,1,1,1,2,1,2,1,2,1,0,1,50,50,0,2,Yes
0,5,1,0,0,1,1,0,5,0,1,1,0,1,0,1,1,0,0,1,2,0,2,0,0,1,50,50,5,1,Maybe
1,2,1,3,0,1,1,0,3,0,1,0,2,0,0,1,0,0,0,1,2,1,1,0,0,1,16,15,5,2,No
0,2,1,3,0,1,0,2,5,1,1,0,2,2,0,2,2,1,1,0,1,1,2,0,0,1,49,49,0,2,Yes
0,1,1,1,1,1,2,0,3,0,1,1,1,0,1,1,1,3,3,1,2,1,1,0,0,1,22,21,5,1,No
0,2,1,3,0,1,2,2,5,1,1,2,0,2,0,2,2,0,0,2,1,2,2,1,1,1,50,50,0,0,Yes
0,1,1,1,2,1,1,0,3,1,1,2,2,2,0,0,0,0,3,3,2,1,1,0,2,1,49,49,5,1,Maybe
0,1,1,1,0,2,1,0,3,1,1,0,2,0,0,2,0,0,1,1,2,2,2,1,2,1,49,49,0,2,Maybe
0,5,1,3,2,0,0,0,1,0,1,2,2,0,1,2,2,0,0,3,1,0,1,0,1,1,11,10,11,0,No
1,2,1,3,0,1,1,0,3,0,1,0,2,0,0,0,1,3,1,3,0,2,2,0,0,1,50,50,7,2,Yes
0,1,1,3,0,1,0,2,3,1,1,0,2,1,0,0,0,1,1,0,1,0,2,1,1,1,50,50,8,0,Yes
0,5,1,3,0,1,1,2,2,2,0,2,2,1,0,0,1,0,0,0,1,2,2,1,1,0,34,33,10,1,Yes
1,2,1,3,0,1,1,0,3,0,1,0,2,0,0,2,1,3,1,2,1,2,2,1,2,1,32,31,0,2,Yes
0,5,0,1,0,1,1,1,2,0,1,1,1,1,0,1,1,3,3,1,2,1,1,0,1,1,50,50,0,1,No
0,4,1,3,2,0,2,0,3,0,0,0,0,1,0,1,1,3,3,2,2,2,2,1,0,1,50,50,5,2,Yes
1,2,1,3,0,1,1,0,3,0,1,0,2,0,0,2,0,1,0,3,1,2,2,1,0,1,50,50,8,2,Yes
0,4,1,0,1,1,0,0,0,0,1,1,0,0,0,0,0,0,0,1,2,0,0,0,1,1,50,50,5,2,Maybe
1,2,1,3,0,1,1,0,3,0,1,0,2,0,0,2,2,1,0,0,2,2,2,1,1,1,49,49,8,2,Maybe
0,4,1,3,2,1,1,2,5,1,1,2,0,0,0,1,1,0,0,1,2,1,0,1,0,0,50,50,10,0,Yes
0,2,1,1,0,1,1,0,3,0,0,1,1,0,0,1,1,4,0,0,1,0,2,1,0,1,3,2,4,1,Yes
0,4,1,3,2,1,1,2,5,0,0,2,2,0,0,2,2,0,0,0,1,2,1,0,2,1,50,50,5,2,No
1,2,1,3,0,1,1,0,3,0,1,0,2,0,0,2,0,0,1,1,2,1,1,0,0,1,34,33,5,2,No
0,5,1,3,2,1,2,0,2,0,0,0,2,2,0,0,1,0,1,2,2,2,2,1,0,1,50,50,10,2,Yes
0,3,0,3,2,1,1,0,0,0,1,0,0,0,0,0,1,3,0,1,2,1,0,1,0,1,50,50,0,0,Maybe
0,5,0,3,1,2,2,0,2,0,0,2,2,0,0,1,1,0,1,1,2,1,1,0,0,0,50,50,8,2,No
0,2,1,3,2,1,2,0,3,1,1,2,2,2,0,0,0,0,1,1,2,2,0,1,0,1,50,50,5,1,Maybe
0,1,0,3,2,1,0,2,2,0,1,0,2,1,0,2,1,3,0,0,0,2,0,0,0,1,11,10,10,1,Maybe
0,4,0,3,0,1,1,0,2,1,1,1,0,0,0,0,1,1,0,1,2,0,0,0,1,0,50,50,5,2,Maybe
0,1,0,0,1,1,1,0,1,0,1,0,1,0,0,2,0,0,1,1,2,0,1,0,1,1,50,50,0,2,No
0,5,1,3,0,2,2,0,1,1,1,0,2,1,0,0,0,3,3,0,0,0,1,0,1,1,21,20,0,2,Maybe
0,2,0,2,0,1,1,0,4,2,1,1,0,1,0,2,0,3,3,0,2,1,2,1,2,1,49,49,3,1,Maybe
0,2,1,3,2,1,1,0,3,1,1,2,2,0,0,0,0,0,1,3,2,1,1,0,0,1,50,50,10,2,No
1,2,1,3,0,1,1,0,3,0,1,0,2,0,0,1,1,3,3,3,2,0,0,0,2,1,51,51,5,0,Maybe
1,2,1,3,0,1,1,0,3,0,1,0,2,0,0,1,1,0,0,1,2,1,1,0,0,1,49,49,8,2,No
1,2,1,3,0,1,1,0,3,0,1,0,2,0,0,1,1,1,1,1,2,1,1,0,0,1,34,33,7,2,No
0,4,0,1,2,1,1,0,2,0,1,0,0,1,1,2,1,3,3,2,2,2,2,1,0,0,50,50,10,1,Yes
0,5,1,3,0,2,2,0,1,0,0,1,1,0,0,2,1,3,3,3,2,2,2,1,2,1,50,50,0,0,Yes
0,1,1,3,0,1,0,2,0,0,0,1,0,0,0,0,1,3,0,1,2,2,0,0,2,1,50,50,5,1,No
0,2,0,1,2,1,0,2,5,1,1,1,2,2,0,1,1,0,3,1,2,0,2,1,2,1,34,33,0,2,Maybe
1,2,1,3,0,1,1,0,3,0,1,0,2,0,0,2,0,0,1,0,0,1,2,1,0,1,39,38,0,2,No
0,1,1,3,0,1,0,0,1,1,1,0,0,0,0,2,0,0,0,1,2,1,1,0,2,1,6,5,11,2,No
0,4,0,0,1,1,1,0,4,2,0,1,1,1,0,1,1,3,3,1,2,2,1,0,1,1,50,50,4,2,No
0,0,1,1,1,1,0,0,5,1,1,2,2,0,0,2,2,0,1,1,2,1,2,1,1,1,34,33,5,2,No
0,2,1,3,2,1,1,2,5,1,1,0,2,2,0,0,1,0,1,1,2,2,0,0,0,1,50,50,0,0,Maybe
0,2,1,1,0,1,1,0,5,1,1,0,2,0,0,0,1,0,1,1,2,2,1,0,1,1,34,33,5,2,No
1,2,1,3,0,1,1,0,3,0,1,0,2,0,0,1,1,1,3,0,2,0,2,0,2,1,21,20,0,1,Yes
0,4,1,0,0,1,1,1,3,1,1,2,0,2,0,0,0,0,1,1,2,1,1,0,0,0,34,33,5,1,No
0,2,1,0,0,1,0,0,2,0,1,1,1,1,0,2,1,0,0,1,2,1,1,0,0,1,50,50,5,2,No
0,2,1,3,2,1,2,2,5,1,1,0,2,2,0,2,0,0,1,1,2,2,2,1,0,1,50,50,0,0,Yes
0,0,1,3,2,1,0,2,0,1,1,0,2,0,0,1,1,0,0,1,2,1,1,0,2,1,49,49,0,1,No
0,0,1,1,1,1,1,0,4,0,0,1,1,0,1,1,1,0,0,2,2,2,2,0,0,1,8,7,0,1,Yes
1,2,1,3,0,1,1,0,3,0,1,0,2,0,0,0,1,0,0,3,2,2,2,1,0,1,11,10,0,2,Yes
0,2,1,0,0,1,0,2,3,1,1,0,2,2,0,2,0,1,1,1,2,1,1,0,0,1,50,50,0,2,No
1,2,1,3,0,1,1,0,3,0,1,0,2,0,0,1,1,0,0,0,1,2,2,1,0,1,21,20,7,2,Yes
0,4,1,3,1,1,0,0,1,0,1,1,0,1,0,0,2,0,0,2,2,1,0,0,1,1,50,50,5,1,Maybe
0,2,1,0,1,1,1,0,2,0,1,0,0,1,0,2,1,3,0,1,2,1,0,0,1,1,11,10,0,1,Maybe
0,2,1,0,0,1,0,0,2,0,1,1,1,1,0,0,0,4,4,2,1,0,2,1,0,1,49,49,0,2,Yes
1,2,1,3,0,1,1,0,3,0,1,0,2,0,0,2,0,1,2,1,2,0,0,1,0,1,50,50,5,2,Maybe
0,2,1,0,0,2,2,2,5,1,1,0,0,2,0,1,1,1,1,1,2,2,2,1,2,0,50,50,0,2,Yes
0,1,0,1,0,1,1,0,0,0,1,1,1,0,0,0,1,0,0,1,2,0,2,1,0,1,8,7,8,1,No
0,5,1,3,2,0,2,0,1,0,0,0,0,0,0,1,1,3,3,1,2,2,2,1,0,1,50,50,0,2,Maybe
0,4,1,1,0,2,0,0,1,1,1,0,2,2,0,2,0,0,0,0,1,1,1,0,2,1,49,49,10,2,Yes
0,4,1,1,0,1,1,0,2,2,1,1,2,1,1,2,2,0,3,3,2,1,1,0,2,1,8,7,5,0,No
0,4,0,0,0,1,1,0,1,1,1,0,2,0,0,0,0,0,0,1,2,1,2,1,2,0,50,50,5,2,Yes
0,1,1,3,0,1,0,0,1,1,1,0,0,0,0,2,1,1,0,1,2,2,2,1,2,1,50,50,0,2,Yes
0,2,1,0,0,1,0,0,5,1,1,0,0,0,0,1,1,3,3,3,2,1,1,0,0,0,50,50,5,0,No
0,2,1,0,0,2,0,2,0,1,1,1,1,2,0,0,0,0,1,1,2,0,1,0,1,1,50,50,0,2,No
1,2,1,3,0,1,1,0,3,0,1,0,2,0,0,0,0,3,0,3,2,2,2,0,0,1,34,33,4,2,Yes
0,1,1,3,2,1,1,0,2,0,1,0,2,1,0,1,1,0,0,1,2,2,2,1,2,0,50,50,0,2,Yes
0,3,1,3,1,0,0,0,1,0,1,1,1,0,0,1,1,3,3,1,2,1,1,0,1,1,50,50,3,2,No
0,1,1,0,1,1,1,0,0,2,1,0,2,1,0,0,1,3,0,1,2,0,2,1,2,1,50,50,0,2,Yes
0,4,1,0,0,1,1,0,1,1,1,2,2,0,0,2,2,0,0,1,2,2,1,0,0,1,50,50,0,2,No
0,2,1,0,0,0,0,0,5,0,0,1,1,0,0,1,1,3,3,1,2,2,0,0,2,2,50,50,1,2,No
0,2,1,1,0,1,1,0,2,2,1,0,0,1,1,1,1,0,0,0,0,0,0,0,2,1,34,33,0,1,Maybe
1,2,1,3,0,1,1,0,3,0,1,0,2,0,0,0,1,3,3,0,2,1,2,1,0,1,50,50,5,0,Maybe
0,2,1,3,2,1,1,0,2,0,1,0,1,1,0,0,0,0,0,0,1,2,2,1,0,0,50,50,0,1,Maybe
0,5,1,3,2,1,2,2,0,0,0,0,0,1,0,0,0,0,0,0,1,2,1,1,0,0,50,50,10,0,Yes
0,4,1,3,2,1,1,2,5,1,1,1,2,2,0,1,1,3,1,1,2,1,2,1,0,1,50,50,5,2,Yes
1,2,1,3,0,1,1,0,3,0,1,0,2,0,0,2,2,1,1,1,2,0,2,1,0,1,17,16,5,1,Yes
0,1,0,0,1,1,0,0,3,1,1,2,2,0,0,2,2,0,0,0,2,1,1,0,0,1,50,50,1,2,Maybe
0,2,1,3,2,2,2,2,5,1,1,2,2,2,0,2,1,0,1,1,2,2,2,1,0,1,50,50,0,0,Yes
0,5,1,3,0,1,0,0,2,2,1,1,1,0,0,1,1,3,0,1,2,2,0,0,0,1,50,50,5,2,Maybe
1,2,1,3,0,1,1,0,3,0,1,0,2,0,0,0,0,4,3,3,1,2,1,1,2,1,16,15,5,2,No
1,2,1,3,0,1,1,0,3,0,1,0,2,0,0,0,2,3,3,3,2,2,2,0,0,0,6,5,0,0,Yes
0,2,0,3,2,1,2,2,0,0,0,0,0,0,0,0,0,0,1,1,2,1,1,0,3,1,50,50,4,2,No
0,2,0,0,1,1,1,0,0,1,1,0,2,0,0,0,0,2,0,1,2,2,2,1,2,1,50,50,5,2,Yes
0,2,1,3,2,2,2,2,3,1,1,2,2,2,0,2,1,0,1,3,1,2,2,1,1,0,50,50,5,2,No
0,1,1,0,0,1,0,0,1,1,1,0,0,0,0,0,1,3,0,1,2,2,2,1,0,0,50,50,0,2,Yes
0,4,1,3,1,1,1,1,1,0,1,1,1,0,0,1,1,3,3,0,2,2,2,1,1,1,50,50,0,2,Maybe
0,3,1,0,0,1,1,0,1,1,1,2,2,0,0,2,2,0,1,1,2,2,1,0,0,1,49,49,0,2,Maybe
0,2,1,3,2,2,0,0,5,1,1,0,2,2,0,0,1,0,1,1,2,0,1,0,2,0,50,50,1,2,No
1,2,1,3,0,1,1,0,3,0,1,0,2,0,0,0,1,0,0,1,2,1,2,1,0,1,34,33,7,2,Yes
0,2,0,1,2,1,1,0,2,2,0,1,0,0,0,0,1,3,1,2,2,2,2,1,2,0,22,21,5,2,Yes
1,2,1,3,0,1,1,0,3,0,1,0,2,0,0,1,1,3,3,2,2,0,2,1,1,0,50,50,5,2,Yes
1,2,1,3,0,1,1,0,3,0,1,0,2,0,0,0,0,0,0,3,0,2,0,1,3,0,50,50,5,0,Maybe
0,0,0,0,1,2,1,0,4,2,0,2,1,0,0,0,1,0,0,3,1,0,0,1,0,0,50,50,8,2,Maybe
1,2,1,3,0,1,1,0,3,0,1,0,2,0,0,2,2,0,0,1,2,1,1,0,0,1,34,33,4,2,No
0,1,1,0,1,0,0,0,5,0,0,2,2,0,0,1,0,0,1,1,2,1,1,0,0,1,21,20,5,2,No
0,2,1,3,1,1,1,1,3,0,1,1,0,2,0,0,1,3,3,1,2,1,1,0,1,0,50,50,8,2,No
0,5,0,0,0,1,0,0,4,0,0,1,0,0,0,1,1,0,0,1,2,0,2,1,1,1,50,50,0,2,Maybe
0,4,1,3,1,1,0,0,2,2,0,0,1,1,0,0,1,3,3,3,1,0,2,1,1,1,50,50,5,2,Maybe
0,3,1,1,0,1,1,0,2,2,1,0,2,1,0,2,1,3,0,3,1,2,2,1,0,1,50,50,0,2,Yes
0,5,0,3,1,1,2,2,0,0,1,0,2,0,0,1,1,3,0,3,2,0,2,1,0,1,50,50,0,2,Yes
0,5,1,0,1,2,0,0,1,1,1,0,2,2,0,1,1,1,1,0,1,2,1,0,0,1,50,50,5,2,No
0,5,0,3,0,1,0,2,0,0,1,1,0,0,0,0,0,3,0,1,2,1,1,0,0,1,50,50,3,2,No
0,2,1,3,1,1,0,0,0,1,1,1,0,2,0,0,1,0,0,1,2,1,1,1,0,1,50,50,5,2,Maybe
0,2,1,0,0,1,0,0,3,1,1,2,2,0,0,2,0,0,1,1,2,1,1,0,0,1,50,50,8,0,No
0,1,1,3,2,1,0,0,2,2,1,1,1,1,0,0,1,0,0,0,2,0,2,1,2,0,50,50,8,2,Yes
0,1,1,3,2,2,2,2,3,1,1,2,2,0,0,2,0,0,1,2,1,2,2,1,0,1,50,50,0,2,Yes
0,0,1,1,2,1,1,1,4,0,0,1,1,0,0,1,1,3,3,2,2,2,2,1,1,2,11,10,5,0,Yes
0,2,1,0,1,1,0,0,0,2,0,1,0,0,0,1,1,3,0,0,2,0,1,0,2,0,50,50,5,2,No
0,3,1,3,1,1,0,0,0,0,1,0,2,2,0,0,0,3,3,0,0,2,0,1,0,0,50,50,5,0,Maybe
0,2,1,0,0,0,1,0,0,0,0,0,0,0,0,0,1,3,3,1,2,2,2,1,2,1,49,49,5,1,Yes
0,2,1,3,0,1,1,1,3,0,1,1,2,2,0,2,1,3,3,1,2,0,2,1,0,0,50,50,10,2,Yes
1,2,1,3,0,1,1,0,3,0,1,0,2,0,0,1,1,3,3,1,2,0,0,0,1,1,22,21,0,0,Maybe
0,2,1,3,1,1,1,0,4,2,0,0,0,1,1,0,1,4,1,2,2,1,2,1,0,1,50,50,5,2,Yes
0,4,1,3,2,1,0,1,3,1,1,2,2,2,0,0,1,3,0,0,2,1,1,1,1,1,50,50,4,2,No
0,4,1,0,1,1,0,0,2,1,1,2,2,2,0,0,0,1,0,2,1,2,2,0,0,2,11,10,5,2,No
0,5,1,1,0,1,1,0,4,2,0,1,1,1,1,1,1,3,3,3,2,1,1,0,1,1,50,50,8,2,No
0,5,0,3,2,0,2,2,5,1,1,0,2,2,0,2,2,1,1,1,2,1,2,1,1,1,50,50,10,2,Yes
1,2,1,3,0,1,1,0,3,0,1,0,2,0,0,0,0,4,0,2,0,0,2,0,1,1,50,50,7,0,Yes
1,2,1,3,0,1,1,0,3,0,1,0,2,0,0,1,1,3,3,1,2,1,2,1,3,0,50,50,7,0,No
0,1,1,3,1,0,0,0,0,0,1,0,0,0,0,0,0,0,0,1,2,2,0,1,0,1,50,50,0,0,Maybe
1,2,1,3,0,1,1,0,3,0,1,0,2,0,0,0,1,0,0,0,1,2,2,1,0,0,50,50,7,0,Yes
0,2,1,0,1,2,1,0,5,1,1,2,2,0,0,0,0,3,1,1,2,0,0,0,2,1,50,50,0,0,No
0,1,1,3,1,1,0,0,3,0,0,2,2,0,0,2,0,3,1,1,2,1,1,0,0,1,50,50,8,1,No
0,2,1,1,0,1,0,2,4,2,0,0,0,0,0,1,1,4,1,0,2,0,2,1,0,1,50,50,2,2,Yes
0,5,0,0,1,1,1,0,2,2,0,1,1,1,0,1,1,3,3,1,2,1,1,0,1,1,11,10,5,0,No
0,3,1,3,2,1,0,2,3,0,0,1,1,1,0,1,1,3,0,1,2,1,0,0,2,1,50,50,11,2,No
0,4,1,3,2,1,2,2,5,1,1,0,2,2,0,2,1,3,0,2,2,2,2,1,2,1,50,50,4,2,Yes
0,5,0,3,2,1,0,0,2,0,0,0,0,2,0,1,1,3,3,0,0,1,2,1,1,0,50,50,0,1,Yes
0,1,1,3,2,1,2,0,3,0,1,0,1,0,0,2,1,3,0,0,2,1,2,0,1,0,50,50,4,2,Yes
0,5,0,3,2,2,2,2,5,2,0,1,1,2,0,0,1,3,3,1,2,0,1,1,3,0,50,50,6,1,No
0,5,1,3,2,2,2,2,1,0,1,0,0,1,0,2,0,3,0,0,1,1,2,0,2,1,50,50,2,1,Yes
0,5,0,0,0,2,1,0,5,0,0,1,0,2,0,0,0,3,0,1,2,1,1,0,0,1,34,33,10,1,No
0,5,0,0,1,1,0,2,5,0,0,0,2,0,0,0,0,0,0,1,2,1,1,0,0,0,34,33,5,2,No
0,5,0,3,2,1,2,0,0,0,1,1,1,0,0,0,1,0,0,1,2,0,1,0,1,1,49,49,0,1,Maybe
1,2,1,3,0,1,1,0,3,0,1,0,2,0,0,2,2,0,1,1,2,0,0,0,2,1,34,33,7,0,Maybe
0,5,0,3,0,2,0,0,3,0,1,1,0,0,0,2,1,3,3,0,1,1,1,0,0,1,22,21,8,2,Maybe
0,2,1,1,0,1,1,1,3,0,0,2,0,1,0,0,1,3,3,3,2,1,1,0,2,1,22,21,5,1,Maybe
0,1,1,0,0,1,0,0,1,0,1,0,2,0,0,0,0,0,0,1,2,1,1,0,0,1,50,50,5,0,No
0,4,1,1,0,1,1,0,1,0,0,0,0,0,0,0,1,3,0,0,1,0,0,1,0,1,50,50,0,0,No
0,5,0,3,1,1,2,0,1,0,0,1,0,1,0,1,1,3,3,1,2,0,0,0,1,1,50,50,5,2,Maybe
0,4,1,1,0,1,1,1,1,0,0,2,2,1,0,1,1,4,0,0,1,2,2,1,2,1,50,50,5,1,Yes
0,2,1,3,0,1,0,2,3,0,0,0,1,0,0,0,1,3,0,1,2,1,1,0,2,1,50,50,5,2,No
0,2,1,3,2,1,1,2,2,0,1,1,1,1,0,0,0,3,0,3,1,2,2,1,2,0,50,50,5,2,Yes
0,2,1,0,0,1,1,0,3,1,1,0,0,0,0,1,1,0,3,0,1,2,2,1,1,0,50,50,0,0,Yes
0,4,1,1,0,2,1,2,3,1,1,2,2,2,0,2,2,0,0,1,2,1,1,0,0,1,49,49,8,2,No
0,1,1,3,0,0,0,0,5,1,1,2,2,2,0,2,0,2,2,1,2,2,0,1,2,1,50,50,0,0,Yes
0,4,1,1,0,1,2,0,5,1,1,2,2,2,0,0,0,0,1,1,2,0,0,0,0,1,49,49,0,2,No
0,1,1,0,0,1,1,0,1,0,0,1,1,2,0,0,0,3,1,1,2,1,1,0,0,1,49,49,3,1,No
0,0,1,2,0,2,0,0,5,1,1,2,2,2,0,0,1,3,1,2,2,1,2,1,2,2,34,33,4,2,Maybe
0,3,1,1,1,1,1,2,5,1,1,0,2,0,0,1,1,0,1,1,2,2,1,1,2,1,34,33,0,1,No
0,2,1,3,2,1,1,2,2,0,1,0,0,2,0,0,0,3,0,3,0,2,2,1,1,1,50,50,5,1,Yes
0,0,1,1,1,1,1,1,3,1,1,0,2,1,0,2,0,0,1,1,2,1,1,0,2,1,17,16,0,2,No
0,1,1,3,2,2,2,2,3,1,1,2,2,2,0,0,0,1,2,1,2,0,2,1,0,1,50,50,5,2,Yes
0,1,1,3,2,0,2,2,2,1,1,2,2,2,0,0,1,0,0,0,1,2,0,1,0,0,50,50,6,1,No
0,5,1,3,1,1,0,0,5,1,1,2,2,2,0,0,0,1,0,1,2,1,2,1,1,1,50,50,0,2,Yes
0,3,1,3,1,1,0,0,5,0,1,0,0,0,0,2,1,3,3,0,2,1,2,1,0,1,50,50,0,2,Maybe
0,3,1,3,0,0,2,0,3,0,1,0,0,2,0,0,0,0,0,1,2,2,2,1,2,1,50,50,0,0,Yes
1,2,1,3,0,1,1,0,3,0,1,0,2,0,0,0,0,0,3,0,2,1,0,0,2,1,6,5,0,2,Maybe
0,2,1,1,1,1,1,0,1,1,1,1,1,0,0,0,1,0,1,1,2,2,1,0,2,1,22,21,0,2,No
1,2,1,3,0,1,1,0,3,0,1,0,2,0,0,0,0,0,0,1,2,1,0,1,1,1,49,49,8,2,Maybe
0,5,1,3,2,1,1,0,2,0,0,2,2,0,0,0,0,0,0,3,0,1,2,1,1,0,50,50,3,2,Yes
0,2,1,1,0,1,1,0,3,0,1,2,2,1,0,2,1,3,0,1,2,0,2,1,0,1,49,49,0,1,Yes
0,1,1,0,1,1,1,0,3,0,1,0,0,0,0,0,1,0,2,3,1,2,2,1,0,1,46,45,0,2,Yes
1,2,1,3,0,1,1,0,3,0,1,0,2,0,0,2,0,0,1,1,2,2,2,1,0,1,49,49,2,0,Yes
0,3,1,3,2,2,2,2,1,0,1,2,0,2,0,2,1,0,0,0,1,2,2,1,0,1,50,50,4,2,No
0,5,1,3,2,1,2,0,2,2,0,1,1,1,0,0,1,3,3,1,2,2,2,1,1,1,50,50,0,2,Yes
0,1,1,3,2,1,2,2,2,0,1,0,2,2,0,0,1,3,3,0,2,2,2,1,0,0,50,50,11,0,Maybe
0,2,1,0,0,1,0,2,5,1,1,2,2,0,0,2,2,1,1,1,2,1,1,0,0,1,49,49,0,0,No
0,3,1,0,1,1,0,2,3,1,1,2,2,2,0,1,1,3,3,1,2,1,0,0,2,1,41,40,5,2,Maybe
0,3,1,3,2,1,2,0,3,1,1,2,2,1,1,1,2,0,2,3,1,2,2,1,2,2,50,50,8,2,Yes
0,1,1,0,0,1,1,0,2,0,1,0,2,2,0,2,1,0,0,0,2,1,2,1,2,1,50,50,5,0,Maybe
0,4,1,2,0,1,1,1,3,1,1,0,0,2,0,0,0,1,1,1,2,1,1,0,2,1,49,49,10,2,No
0,3,1,0,1,2,0,0,3,0,1,2,0,0,0,2,1,3,3,1,2,2,0,1,0,1,46,45,5,0,No
0,2,1,0,1,1,1,0,2,0,1,1,1,0,0,1,1,1,1,1,2,1,2,1,0,1,50,50,0,0,Yes
0,4,1,1,1,1,1,0,2,2,1,1,1,0,0,2,0,0,3,1,2,2,2,1,1,1,50,50,11,0,Yes
0,1,1,3,0,1,2,0,3,1,1,0,0,1,0,0,0,0,1,1,2,1,1,0,0,1,49,49,2,0,No
0,3,1,1,1,1,1,0,1,1,1,0,0,2,0,1,1,3,0,1,2,1,1,0,2,1,22,21,8,2,No
0,1,1,3,2,0,0,2,3,1,1,0,2,2,0,0,0,1,1,1,2,2,2,1,1,1,50,50,10,0,No
0,0,1,3,1,1,1,0,3,0,1,2,2,0,0,0,1,4,2,2,0,2,2,1,0,0,49,49,5,2,Yes
0,1,1,0,0,1,0,0,0,0,0,1,0,1,0,0,1,3,1,1,2,1,0,1,0,1,41,40,11,2,Maybe
0,3,1,0,1,1,1,0,1,0,0,1,0,2,0,2,0,4,1,1,2,1,1,0,0,1,41,40,0,2,No
0,4,1,0,1,1,1,0,1,0,0,1,1,2,0,0,0,0,1,1,2,1,1,0,2,1,50,50,0,0,No
0,3,1,0,1,0,0,0,0,0,0,0,0,1,0,0,1,0,0,1,2,1,1,0,2,1,50,50,8,2,No
0,2,1,1,0,1,1,0,3,1,1,0,0,2,0,2,0,0,0,1,2,1,1,0,2,1,6,5,0,2,No
0,3,1,0,0,1,0,0,3,1,1,0,0,0,0,0,0,0,1,1,2,1,1,0,2,1,41,40,5,1,No
0,5,1,1,1,1,1,1,3,2,1,1,1,1,0,2,1,4,1,1,2,1,2,1,2,1,41,40,0,2,Yes
0,2,1,3,2,1,1,2,5,1,1,2,2,2,0,2,2,2,2,1,2,0,2,0,0,1,17,16,4,1,Yes
0,2,1,3,1,1,1,0,0,0,1,0,1,2,0,0,0,0,0,0,0,2,1,0,0,1,11,10,0,2,No
0,1,1,0,1,1,0,0,3,1,1,0,2,1,0,0,0,1,0,1,2,1,1,0,0,1,50,50,0,1,No
0,4,1,2,0,2,1,2,3,0,0,2,2,0,0,1,1,4,1,1,2,2,2,1,2,0,45,44,5,2,No
0,1,1,3,2,1,1,2,3,1,1,2,2,2,0,0,1,0,0,0,1,0,1,0,0,1,49,49,0,0,No
0,3,1,3,0,1,0,0,3,0,1,0,0,2,0,1,1,3,3,1,2,2,0,1,2,0,50,50,11,0,No
0,2,1,0,1,1,1,0,3,0,0,1,1,0,1,0,1,3,3,3,2,2,2,0,0,1,21,20,0,2,No
0,2,1,1,0,1,1,1,3,0,1,0,1,2,0,0,0,0,1,1,2,1,1,0,0,1,26,25,10,0,No
0,2,1,3,2,1,1,0,1,0,1,2,2,1,0,2,0,3,3,1,2,0,2,0,0,1,50,50,0,2,Maybe
0,1,1,3,2,1,2,0,2,0,0,1,1,0,1,1,1,3,3,2,1,2,2,1,2,0,50,50,8,1,Yes
0,2,1,0,1,1,2,1,2,0,0,1,1,1,0,1,1,3,3,0,1,0,2,1,2,0,50,50,6,2,Yes
0,5,0,3,2,2,2,2,5,1,1,0,2,2,0,2,2,0,0,3,0,2,2,1,2,1,50,50,0,1,No
0,3,1,3,0,1,1,2,5,1,1,1,1,2,0,2,0,1,1,1,2,1,1,0,2,1,22,21,4,2,No
0,3,1,3,2,0,0,2,5,1,1,2,2,2,0,2,0,0,1,1,2,2,1,0,0,0,50,50,8,0,No
0,5,1,3,2,2,2,1,4,2,1,0,1,1,0,1,1,3,3,0,1,2,2,1,1,1,50,50,8,2,Yes
0,2,1,3,2,1,2,2,5,1,1,2,2,2,0,2,2,0,1,1,2,2,1,0,0,1,50,50,2,2,No
1,2,1,3,0,1,1,0,3,0,1,0,2,0,0,2,0,0,0,0,2,0,1,0,0,1,21,20,5,2,Maybe
0,1,1,1,1,1,0,0,5,0,1,1,1,0,0,0,2,3,3,3,2,1,1,0,0,1,41,40,5,1,No
1,2,1,3,0,1,1,0,3,0,1,0,2,0,0,0,1,0,3,1,2,2,2,1,2,1,50,50,5,2,Maybe
0,1,1,1,1,1,1,0,5,0,1,0,0,0,0,0,2,0,0,1,2,1,1,0,0,1,22,21,0,2,No
0,1,1,2,0,2,1,0,1,2,0,1,1,2,0,0,1,3,3,1,2,0,0,1,0,1,22,21,5,1,Maybe
0,4,1,0,1,1,0,0,3,0,1,2,0,1,0,0,0,0,1,1,2,1,2,1,2,1,50,50,5,2,No
1,2,1,3,0,1,1,0,3,0,1,0,2,0,0,2,1,3,3,0,2,2,2,1,0,0,49,49,7,0,No
0,3,1,0,0,1,0,0,5,1,1,1,0,0,0,1,1,0,0,1,2,0,1,0,2,1,22,21,0,0,No
1,2,1,3,0,1,1,0,3,0,1,0,2,0,0,0,0,0,0,1,2,1,0,0,0,1,22,21,0,2,No
0,4,1,0,0,1,0,0,1,0,0,0,0,0,0,0,0,0,0,1,2,0,0,1,0,0,50,50,8,2,Maybe
0,5,1,2,0,2,2,2,5,2,1,0,0,2,0,0,1,4,1,2,2,1,2,1,1,1,49,49,10,2,Yes
0,4,1,1,0,1,1,0,3,1,1,0,2,2,0,1,1,2,0,3,1,2,2,1,0,0,50,50,5,0,Yes
0,5,0,1,0,1,0,0,2,0,0,1,1,1,0,1,1,3,3,1,2,1,0,0,0,1,50,50,5,1,No
0,3,1,3,2,1,2,0,0,0,1,0,0,0,0,2,0,0,0,0,2,2,2,1,0,1,50,50,11,1,Yes
0,5,1,3,2,2,2,2,4,0,0,1,0,1,0,0,1,3,3,1,2,2,2,1,0,0,50,48,2,2,Yes
0,3,1,3,0,1,2,0,0,0,1,1,1,0,1,2,1,4,4,2,2,0,2,1,1,0,11,10,6,0,Yes
0,2,1,3,2,2,2,0,3,1,1,0,2,2,0,1,1,0,1,3,1,2,2,1,0,0,50,50,10,2,Yes
0,2,1,3,2,2,1,2,1,0,0,0,0,1,1,0,1,4,4,2,2,2,2,1,0,1,50,50,5,2,Yes
1,2,1,3,0,1,1,0,3,0,1,0,2,0,0,1,1,0,1,3,2,2,2,1,2,1,50,50,5,0,Yes
0,0,0,1,2,2,1,1,3,1,1,2,2,1,0,0,0,3,1,1,2,2,1,0,0,1,33,32,4,2,No
0,2,1,3,2,2,2,2,3,1,1,0,0,2,1,0,0,0,0,2,2,2,2,1,2,1,50,50,5,1,Maybe
0,2,1,3,0,0,0,0,3,1,1,0,2,2,0,1,1,0,0,1,2,1,2,1,0,1,50,50,5,2,Yes
0,3,1,3,2,1,0,0,1,0,1,0,1,0,0,2,1,0,0,0,1,2,0,1,0,0,50,50,4,2,Maybe
0,2,1,3,0,1,2,2,5,1,1,2,2,2,0,1,1,1,1,1,2,2,2,1,2,1,50,50,5,2,Maybe
0,2,1,3,2,0,2,2,5,1,1,2,2,2,0,1,1,1,1,0,1,2,2,1,2,1,50,50,5,2,Yes
0,2,1,3,1,2,2,2,1,1,1,0,2,1,0,1,1,3,3,3,2,1,1,0,0,0,50,50,10,2,No
0,5,0,3,2,2,2,2,1,0,0,0,0,2,1,0,1,3,0,3,0,1,1,1,0,1,11,10,11,2,No
0,5,1,3,2,1,2,0,1,0,1,0,2,0,0,1,1,0,0,2,0,2,2,1,1,0,50,50,4,2,Yes
0,1,1,3,2,2,2,0,2,2,0,0,1,1,0,1,1,3,3,0,1,1,0,0,0,1,50,50,3,0,Maybe
0,2,1,0,1,1,1,0,3,0,1,0,0,0,0,0,1,3,0,0,2,1,0,0,0,1,49,49,0,1,No
0,2,1,3,0,2,0,0,2,0,1,0,0,1,0,0,1,0,1,2,1,2,2,1,0,0,50,50,5,2,Yes
0,2,1,3,2,0,2,2,5,1,1,2,2,2,0,0,0,0,1,0,1,2,1,1,2,0,50,50,8,2,No
0,1,1,1,1,1,1,0,4,2,0,1,1,1,1,2,1,4,1,2,2,2,2,1,2,0,49,49,8,2,Yes
0,2,1,3,2,1,2,2,3,0,1,0,0,0,0,0,1,0,0,3,2,1,2,1,2,0,50,50,5,2,Yes
0,4,1,0,2,1,1,0,3,1,1,1,0,2,1,1,0,0,1,1,2,2,2,1,2,1,22,21,5,0,Yes
0,2,1,3,2,2,2,2,5,1,1,2,2,2,0,2,2,0,1,1,2,2,2,1,1,1,50,50,4,2,No
0,5,1,3,2,2,2,2,3,1,1,2,2,2,0,0,0,0,1,2,0,1,2,1,1,1,50,50,2,2,Yes
0,2,1,3,0,0,2,0,5,1,1,0,0,2,0,1,1,0,1,1,2,0,1,0,0,1,50,50,5,1,No
1,2,1,3,0,1,1,0,3,0,1,0,2,0,0,0,1,3,3,0,2,2,0,0,1,1,49,49,5,1,Maybe
0,3,1,3,2,1,1,0,4,0,0,0,0,1,0,2,1,0,0,0,2,0,0,1,2,1,50,50,0,1,Yes
0,1,0,0,0,1,2,0,4,2,2,1,0,1,1,2,0,3,3,0,0,0,0,1,1,1,50,50,5,1,Maybe
0,5,1,3,0,0,0,0,1,1,1,2,1,0,0,0,0,1,1,1,2,1,1,1,0,1,50,50,2,0,Yes
1,2,1,3,0,1,1,0,3,0,1,0,2,0,0,2,1,4,4,2,2,2,2,1,1,1,50,50,7,2,Maybe
0,2,1,3,1,2,0,2,4,0,0,0,1,0,0,0,0,0,0,0,1,2,1,0,2,0,50,50,5,2,No
0,5,1,3,0,0,2,0,3,1,1,1,0,0,0,0,1,3,0,3,2,2,0,1,2,1,50,50,0,0,No
0,1,1,3,2,1,1,0,0,1,1,0,0,0,0,1,1,1,1,1,2,1,2,1,2,1,50,50,0,2,No
0,4,1,3,2,1,1,0,4,2,0,1,1,1,0,1,1,4,3,1,2,2,2,1,2,0,50,50,5,1,Maybe
1,2,1,3,0,1,1,0,3,0,1,0,2,0,0,0,0,0,0,1,2,2,1,0,1,1,22,21,5,0,No
0,1,0,1,0,1,2,0,1,2,1,0,0,0,0,1,1,0,0,2,2,0,2,1,0,1,3,2,0,2,Yes
0,1,1,0,1,1,0,0,2,2,0,1,1,0,0,1,1,0,3,0,1,2,2,0,2,1,50,50,8,1,Yes
0,1,1,3,1,1,1,0,5,0,1,0,0,1,1,2,1,4,0,2,2,2,2,1,1,0,50,50,10,0,Yes
0,3,1,0,0,1,2,0,1,1,1,1,2,2,0,2,2,0,0,1,2,0,1,0,0,1,50,50,0,2,No
0,4,1,1,1,1,1,1,2,2,0,1,1,1,0,1,1,3,3,3,2,2,2,1,3,1,50,50,0,2,Yes
0,3,1,0,1,1,1,0,3,1,1,1,0,0,0,0,0,0,0,1,2,2,1,0,0,1,22,21,0,2,No
0,4,1,1,1,1,1,1,0,0,0,1,1,1,1,0,0,3,0,3,2,1,1,0,2,1,34,33,0,1,No
0,2,1,0,0,1,0,0,0,1,1,0,0,0,0,2,1,0,1,0,0,0,2,1,2,2,49,49,0,2,Maybe
0,2,1,0,1,2,0,0,3,1,1,2,2,2,0,0,1,0,0,1,2,2,0,0,2,1,49,49,0,1,Maybe
1,2,1,3,0,1,1,0,3,0,1,0,2,0,0,1,1,3,3,3,0,0,0,1,0,1,49,49,7,2,Yes
0,1,1,0,1,1,1,0,0,2,2,1,1,0,0,1,1,3,3,1,2,2,2,1,0,0,50,50,0,2,Maybe
0,1,1,1,1,1,1,0,5,1,1,0,0,0,0,0,1,1,1,1,2,2,2,1,0,1,49,49,0,2,Yes
1,2,1,3,0,1,1,0,3,0,1,0,2,0,0,0,1,3,3,3,2,2,2,1,0,1,49,49,5,2,Yes
0,5,1,3,0,1,1,2,5,1,1,0,0,2,0,0,0,0,0,2,2,2,2,1,1,0,3,2,11,2,Yes
0,1,0,3,0,2,2,0,5,1,1,2,2,2,0,2,2,0,1,2,1,2,0,1,0,0,47,46,0,2,No
0,5,0,0,0,1,1,0,1,1,1,0,0,0,0,1,1,0,0,3,2,1,1,0,2,1,49,49,5,2,No
0,4,1,2,0,1,1,1,2,1,1,1,2,0,0,0,0,0,1,0,0,0,2,1,2,2,49,49,5,1,Maybe
0,3,1,3,2,2,2,2,3,1,1,2,2,2,0,0,0,3,0,2,2,2,2,1,0,1,49,49,11,0,Yes
0,0,0,1,0,1,1,0,4,0,0,0,0,1,1,2,0,3,3,3,2,1,0,0,3,1,3,2,3,2,No
1,2,1,3,0,1,1,0,3,0,1,0,2,0,0,0,1,3,1,3,2,2,2,1,3,0,3,2,0,0,Yes
0,1,1,0,0,1,0,2,0,0,1,0,0,0,0,0,0,0,0,0,2,1,1,0,0,1,45,50,0,0,No
0,0,1,1,1,0,1,0,2,0,1,0,0,2,0,0,0,3,1,1,2,2,2,1,2,1,49,49,5,1,No
0,3,1,0,1,1,0,0,5,1,1,0,0,2,0,1,1,3,0,0,1,1,1,0,0,0,41,40,2,2,No
1,2,1,3,0,1,1,0,3,0,1,0,2,0,0,0,1,3,3,3,0,1,2,1,3,1,11,50,5,0,Yes
1,2,1,3,0,1,1,0,3,0,1,0,2,0,0,2,0,4,0,3,2,2,2,1,1,1,3,2,1,0,Yes
0,4,1,0,1,1,2,0,1,0,1,1,0,2,0,1,1,3,3,0,1,2,2,1,0,0,49,49,0,1,Yes
1,2,1,3,0,1,1,0,3,0,1,0,2,0,0,0,0,4,0,2,1,2,2,1,0,1,49,49,4,2,Yes
0,1,1,3,0,2,1,0,5,1,1,0,0,2,0,1,1,0,0,1,2,1,1,0,0,1,49,49,10,2,No
0,4,1,2,0,1,1,0,1,0,0,0,0,2,0,0,1,0,1,1,2,2,2,1,0,1,50,50,5,0,Yes
0,2,1,1,0,2,1,2,5,1,1,0,2,2,0,0,1,0,0,0,1,1,1,0,0,1,36,35,4,2,No
1,2,1,3,0,1,1,0,3,0,1,0,2,0,0,2,1,3,3,1,2,2,2,1,0,0,50,50,0,0,Yes
0,2,0,0,1,1,1,0,3,1,1,2,2,2,0,2,0,0,1,1,2,1,1,0,0,1,50,50,10,2,No
0,2,1,3,0,1,0,0,2,0,1,0,0,2,0,0,1,3,3,1,2,2,2,1,3,1,50,50,0,2,No
0,4,1,0,0,1,1,2,5,1,1,0,2,0,0,1,1,0,1,1,2,2,2,1,0,1,50,50,10,2,Yes
0,1,1,3,2,1,1,0,0,0,0,2,0,0,0,1,1,0,0,1,2,2,2,1,1,1,50,50,0,1,No
0,4,1,0,0,1,0,0,4,0,0,0,1,0,1,1,1,3,0,0,0,1,1,1,0,0,11,10,5,1,No
0,2,1,3,2,1,1,2,3,1,1,0,2,2,0,0,0,0,1,2,2,2,1,1,2,0,11,10,1,1,Yes
0,4,1,3,0,1,0,0,2,0,1,2,2,2,0,0,1,3,0,1,2,2,2,1,1,0,11,10,9,2,Yes
0,4,1,3,2,1,1,0,1,1,1,2,2,2,0,0,0,0,1,3,1,2,0,0,2,0,11,10,1,2,No
0,2,1,0,0,1,0,0,0,1,1,0,0,0,0,2,1,0,0,0,2,2,0,0,2,0,11,10,8,1,Maybe
0,4,1,3,2,2,2,2,5,1,1,0,2,2,0,0,0,3,0,3,0,1,1,0,3,0,11,10,4,2,No
0,4,1,3,1,2,1,0,1,1,1,0,0,2,0,1,1,0,0,0,0,1,2,1,2,1,11,10,8,1,Yes
0,1,1,2,1,1,0,0,2,0,1,1,1,0,0,2,1,3,3,0,1,2,1,1,0,1,2,1,8,0,No
0,2,1,1,0,1,1,0,2,2,0,1,1,0,0,2,0,3,3,1,2,2,1,0,2,1,26,25,0,1,No
0,2,0,0,1,1,0,0,2,2,1,0,2,0,0,1,1,3,0,1,2,1,1,0,0,1,50,50,5,2,No
1,2,1,3,0,1,1,0,3,0,1,0,2,0,0,0,0,0,1,2,1,1,2,1,0,1,34,33,0,2,Yes
0,2,1,3,0,1,2,0,5,1,1,2,2,2,0,2,1,0,0,2,2,0,2,1,0,0,50,50,8,2,Yes
0,2,1,3,1,1,1,0,4,2,0,0,0,0,0,0,1,3,3,1,2,0,0,1,2,1,11,10,5,1,Maybe
0,3,1,3,2,2,2,2,3,0,1,2,0,2,0,2,0,0,0,1,2,2,0,1,2,1,49,49,1,0,Maybe
0,4,1,2,0,2,1,0,3,1,1,2,2,2,0,0,0,0,0,0,1,2,2,1,2,1,49,50,5,0,Maybe
0,5,1,3,0,1,1,0,3,1,1,0,2,1,0,2,2,1,0,3,0,2,0,0,1,1,50,50,2,0,Maybe
0,2,1,3,2,2,2,2,5,1,1,2,2,2,0,2,0,2,2,1,2,1,2,1,2,0,50,50,5,2,Yes
1,2,1,3,0,1,1,0,3,0,1,0,2,0,0,0,0,1,0,1,2,1,0,0,2,1,46,45,0,2,Maybe
0,2,1,3,2,2,2,0,3,1,1,2,2,2,0,0,0,0,2,2,1,2,2,0,2,0,50,50,10,2,Yes
0,0,1,3,2,1,2,0,5,1,1,2,2,2,0,0,0,2,1,1,2,1,2,1,0,1,34,33,5,2,Yes
1,2,1,3,0,1,1,0,3,0,1,0,2,0,0,1,1,3,3,1,2,0,1,0,2,1,50,50,5,2,No
0,2,1,1,2,1,1,0,2,1,1,0,0,0,0,2,2,0,0,3,0,1,2,1,1,1,50,50,3,2,Yes
0,4,1,1,0,1,1,0,5,1,1,2,2,2,0,2,1,1,1,2,1,1,0,0,2,1,28,27,5,1,No
0,1,1,0,1,1,1,0,5,1,1,1,1,0,0,1,1,1,1,0,1,1,1,1,0,1,22,21,0,1,Maybe
0,1,1,3,2,0,2,2,5,1,1,0,2,2,0,2,2,0,1,0,1,2,1,0,0,0,50,50,8,0,No
0,5,0,0,1,1,1,0,2,0,1,1,2,1,0,0,1,4,0,2,2,0,2,1,1,0,50,50,0,0,Yes
0,5,1,1,1,1,1,1,3,0,1,1,1,0,0,0,0,3,0,1,2,0,1,0,2,1,30,29,5,1,Maybe
0,4,1,0,1,1,0,0,1,0,1,0,0,0,0,0,0,0,1,1,2,0,1,0,0,1,50,50,10,1,No
0,2,1,3,0,1,1,0,3,1,1,2,2,2,0,0,0,1,1,1,2,2,1,0,2,0,50,50,8,2,No
0,1,1,3,0,1,1,0,5,0,1,2,2,0,0,0,1,0,1,3,1,2,2,1,2,1,50,50,5,2,Yes
0,3,1,0,1,1,0,0,0,0,1,0,0,1,0,1,1,0,3,1,2,1,1,0,0,1,50,50,2,0,Maybe
0,1,1,0,1,1,1,0,2,0,1,0,1,1,0,0,1,3,0,1,2,1,1,0,2,1,22,21,0,1,No
0,0,1,3,0,1,0,1,1,1,1,0,2,0,0,0,1,4,0,3,0,0,0,1,3,1,50,50,5,1,No
1,2,1,3,0,1,1,0,3,0,1,0,2,0,0,2,2,0,0,1,2,1,0,0,0,1,17,16,5,2,Maybe
1,2,1,3,0,1,1,0,3,0,1,0,2,0,0,0,1,0,0,1,2,2,2,1,0,1,50,50,5,2,Yes
0,5,0,2,0,1,1,0,2,1,1,2,2,0,0,1,1,0,1,1,2,2,2,1,2,1,50,50,3,2,Yes
0,1,1,0,1,1,2,2,0,2,0,1,1,0,0,0,1,3,3,0,0,1,1,0,1,1,50,50,5,0,No
0,2,1,3,2,2,2,2,5,1,1,2,2,2,0,0,1,0,0,0,1,0,2,1,0,0,50,50,0,2,Yes
0,1,1,3,2,1,1,0,2,2,1,1,1,1,0,0,1,3,3,0,2,2,2,1,0,1,50,50,10,1,Yes
0,1,1,3,0,1,1,0,0,2,0,1,0,0,0,1,1,3,3,3,2,2,2,1,2,1,50,50,0,0,Maybe
1,2,1,3,0,1,1,0,3,0,1,0,2,0,0,0,0,3,0,0,1,1,1,0,1,1,34,33,1,2,No
0,3,1,3,1,1,0,0,3,0,0,2,2,0,0,1,1,3,0,3,2,2,2,1,0,0,50,50,0,0,Yes
0,1,1,1,1,1,1,0,2,2,1,0,0,1,0,1,1,3,3,0,0,1,1,0,1,1,50,50,8,2,No
0,1,1,0,0,1,0,0,3,1,1,0,0,1,0,1,1,2,2,1,2,2,0,0,2,1,50,50,5,2,Maybe
0,1,1,3,2,2,2,2,5,1,1,2,2,2,0,2,2,0,1,1,2,1,1,0,1,1,50,50,4,0,No
0,1,1,3,0,2,2,2,3,1,1,0,2,2,0,1,1,0,1,0,2,1,2,0,2,0,50,50,11,0,No
0,4,1,2,0,1,1,0,0,0,1,2,0,0,0,0,0,0,0,1,2,2,1,0,2,1,49,49,7,2,No
0,1,1,3,1,2,2,0,0,0,2,2,0,2,0,2,2,0,0,3,0,2,2,1,0,0,50,50,0,2,Yes
0,4,1,3,0,1,1,2,3,0,0,0,0,2,0,1,1,2,0,1,2,1,2,1,0,1,50,50,1,2,No
0,2,1,0,1,1,2,0,3,1,1,2,2,2,0,0,0,0,1,2,2,2,2,1,2,0,50,50,0,0,Yes
0,3,1,3,2,0,0,2,3,0,0,0,2,2,0,1,1,3,3,3,2,1,0,0,0,0,50,50,10,2,No
0,4,1,0,0,1,1,2,1,1,1,0,2,2,0,2,2,0,1,1,2,1,1,0,1,1,11,10,4,2,No
1,2,1,3,0,1,1,0,3,0,1,0,2,0,0,0,0,1,0,1,2,1,2,1,2,1,49,49,0,0,Maybe
1,2,1,3,0,1,1,0,3,0,1,0,2,0,0,0,1,0,0,0,0,0,2,1,0,1,20,19,5,2,Yes
0,2,1,3,0,1,0,0,0,0,1,0,0,0,0,0,1,0,0,1,2,2,1,0,2,1,11,10,5,0,No
0,3,1,0,1,2,1,0,5,0,1,1,1,2,0,1,1,0,2,1,2,1,0,0,2,0,41,40,8,2,No
0,2,1,3,2,1,2,2,1,2,0,0,0,1,0,0,1,4,4,2,2,2,2,1,2,0,50,50,0,2,Yes
1,2,1,3,0,1,1,0,3,0,1,0,2,0,0,0,2,0,0,0,0,2,2,1,2,0,50,50,7,0,Yes
0,5,0,3,0,2,2,2,0,0,0,0,0,0,0,0,1,1,0,2,0,2,0,1,2,0,3,2,8,1,Maybe
0,2,1,1,1,1,1,1,3,2,0,2,0,1,1,2,2,4,0,2,0,2,2,1,0,1,34,33,0,1,Yes
0,5,0,3,2,2,2,0,3,1,1,0,2,2,0,0,1,3,0,0,1,2,2,1,0,1,50,50,3,2,Yes
0,1,1,3,0,2,2,2,5,1,1,0,2,0,0,1,1,3,3,0,2,2,2,1,2,0,50,50,0,2,Yes
0,2,1,3,2,2,2,2,5,1,1,0,0,2,0,1,1,0,0,3,1,0,2,1,0,1,50,50,2,2,Yes
0,0,1,2,0,1,1,0,2,2,0,1,1,0,0,1,1,0,0,0,2,0,2,1,2,0,3,2,5,2,Yes
0,3,1,0,0,1,0,0,3,0,1,0,1,1,0,0,1,0,3,0,2,2,2,1,0,1,50,50,8,0,Maybe
1,2,1,3,0,1,1,0,3,0,1,0,2,0,0,0,0,3,0,3,2,1,1,0,1,1,50,47,10,2,No
1,2,1,3,0,1,1,0,3,0,1,0,2,0,0,2,0,0,3,3,0,2,1,1,0,0,50,50,6,0,No
0,5,1,0,0,1,0,0,2,2,2,0,1,1,0,1,1,3,3,0,2,2,2,1,2,0,50,50,0,2,Yes
0,1,1,3,2,1,0,0,5,1,1,2,2,0,0,2,1,2,0,1,2,2,2,1,0,1,50,50,0,2,Yes
0,1,1,3,2,0,2,2,0,2,2,1,1,0,0,1,1,3,3,2,1,1,1,0,1,0,50,50,9,2,No
0,5,1,3,0,0,2,2,3,0,1,1,1,0,0,2,1,3,3,1,2,1,1,0,2,0,50,50,5,1,No
0,1,1,3,2,1,0,0,3,1,1,1,2,2,0,1,1,3,0,1,2,0,2,1,0,1,50,50,10,0,Yes
0,1,1,0,1,1,2,0,1,0,1,1,0,0,1,1,1,3,3,3,2,2,1,0,0,1,50,50,0,2,Maybe
0,3,1,0,1,0,2,0,3,1,1,2,2,2,0,1,2,2,2,1,2,0,2,1,0,1,50,50,10,0,Yes
1,2,1,3,0,1,1,0,3,0,1,0,2,0,0,0,0,0,0,1,2,1,1,0,0,1,34,33,5,2,No
0,4,1,1,0,1,1,0,3,1,1,1,0,2,0,1,1,0,0,3,0,0,0,0,2,0,49,49,9,2,Maybe
0,2,1,0,1,2,0,2,3,0,0,0,1,2,0,2,1,0,3,1,2,1,1,1,2,1,34,33,0,1,No
0,3,1,0,0,2,2,0,3,1,0,0,0,2,0,0,1,0,1,1,2,2,2,1,0,1,50,50,2,2,Yes
1,2,1,3,0,1,1,0,3,0,1,0,2,0,0,1,1,2,0,3,1,2,0,1,1,0,50,50,8,0,No
0,1,1,3,0,1,0,2,3,0,1,0,0,0,0,2,0,3,1,0,0,0,1,0,0,1,50,50,0,1,No
0,4,1,3,2,1,1,2,5,0,1,1,2,2,0,1,1,3,1,2,1,1,0,1,0,1,50,50,0,2,Maybe
0,1,1,1,1,1,1,0,3,0,0,2,2,0,0,0,0,4,0,3,0,2,2,1,0,1,49,49,11,0,Yes
1,2,1,3,0,1,1,0,3,0,1,0,2,0,0,2,0,3,3,1,2,2,2,1,0,0,50,50,5,0,No
0,2,1,0,1,2,1,0,5,2,0,0,0,2,0,0,1,3,3,1,2,2,2,1,0,1,50,50,0,0,Yes
0,2,0,1,0,1,1,0,5,0,1,0,0,0,0,0,1,4,0,1,2,0,1,0,2,1,14,13,5,0,No
1,2,1,3,0,1,1,0,3,0,1,0,2,0,0,0,0,0,0,1,2,0,1,0,0,1,50,50,7,2,Maybe
0,1,1,3,2,1,0,0,0,0,1,0,2,1,0,1,1,3,0,0,2,2,2,1,0,1,50,50,0,2,Yes
0,1,1,3,1,1,1,0,0,0,1,1,1,0,0,1,1,3,0,3,2,2,2,1,0,1,50,50,0,0,No
0,2,1,3,2,1,1,0,3,1,1,2,0,0,0,1,1,0,1,1,2,1,1,1,2,1,50,50,5,2,Yes
0,1,1,0,1,1,0,0,2,0,0,1,0,0,0,0,1,0,0,1,2,0,2,0,2,1,50,50,0,2,Yes
0,5,1,3,0,2,0,0,0,0,1,0,2,0,0,0,1,3,3,3,0,2,2,1,0,1,50,50,2,1,Maybe
0,2,1,0,0,1,1,0,1,1,1,0,0,1,1,0,1,0,0,0,2,2,2,1,2,0,49,49,1,1,Yes
1,2,1,3,0,1,1,0,3,0,1,0,2,0,0,0,1,0,0,0,1,1,2,1,0,1,47,46,4,0,No
0,2,1,3,0,2,0,2,5,1,1,2,2,2,0,2,0,1,0,1,2,1,2,1,0,1,34,33,0,1,No
0,4,0,3,0,1,2,1,1,1,1,2,2,2,0,0,0,1,1,1,2,0,2,1,0,1,34,33,5,1,Yes
0,2,1,1,1,2,1,0,4,1,1,2,2,2,0,2,1,3,1,1,2,1,2,1,2,0,22,21,2,0,Yes
1,2,1,3,0,1,1,0,3,0,1,0,2,0,0,0,1,1,0,1,2,2,2,1,2,0,49,49,0,1,Yes
1,2,1,3,0,1,1,0,3,0,1,0,2,0,0,1,1,3,3,0,0,0,1,1,2,1,34,33,7,0,Yes
0,2,1,2,1,1,1,0,0,1,1,0,2,0,0,2,0,0,0,1,2,2,2,1,2,1,14,13,0,0,Maybe
0,2,1,3,2,2,2,0,0,0,0,2,0,0,0,0,0,3,3,2,2,2,2,1,2,2,22,21,0,1,Yes
0,1,1,3,0,1,1,0,2,1,1,0,0,1,0,1,1,3,0,1,2,1,1,0,2,0,50,50,0,1,No
0,1,1,3,2,2,2,2,3,1,1,2,2,2,0,2,2,1,1,1,2,2,2,1,0,1,50,50,10,2,No
0,5,0,3,1,0,2,0,2,0,0,1,1,1,0,1,1,0,0,3,2,2,2,0,1,1,50,50,10,2,Yes
0,1,1,0,0,1,0,0,4,0,0,1,1,0,0,1,1,3,0,3,2,0,0,1,1,1,50,50,10,2,Maybe
0,2,1,0,0,1,0,0,0,1,1,2,2,0,0,0,0,0,1,1,2,1,1,0,2,1,50,50,0,2,No
0,5,1,3,2,2,2,2,0,0,1,1,1,0,0,2,1,3,0,0,1,0,1,0,0,1,50,50,3,2,No
0,1,1,1,1,1,1,0,0,2,0,1,1,0,0,1,1,3,3,1,2,1,1,0,2,0,11,50,0,0,No
1,2,1,3,0,1,1,0,3,0,1,0,2,0,0,0,0,3,3,1,2,2,2,1,0,1,50,50,4,0,Yes
0,2,1,3,2,1,2,0,1,0,1,0,1,1,0,0,1,3,0,2,2,2,2,1,2,0,50,50,2,2,Yes
0,1,1,0,1,0,0,0,3,1,1,2,2,0,0,0,0,0,0,0,0,2,1,0,0,1,3,2,0,0,No
0,2,0,0,0,1,1,0,3,1,1,0,0,2,1,2,0,0,4,0,2,2,2,1,2,1,34,33,0,1,Yes
0,1,1,0,0,2,2,2,5,1,1,2,2,2,0,0,1,1,1,1,2,1,1,1,0,1,49,49,0,2,No
1,2,1,3,0,1,1,0,3,0,1,0,2,0,0,1,1,3,3,0,1,1,1,0,2,1,50,50,7,2,No
0,1,1,1,0,1,1,2,0,0,1,0,1,0,0,0,0,0,0,0,2,1,0,0,0,1,49,49,4,2,Maybe
0,1,1,0,0,0,0,0,3,1,1,2,2,2,0,0,0,0,1,3,1,1,1,0,2,1,49,49,0,2,No
0,3,1,1,1,1,1,0,3,1,1,0,2,0,0,2,1,0,1,1,2,1,2,1,0,1,16,15,10,2,No
0,2,0,1,1,1,1,0,2,0,1,1,2,1,1,0,1,3,3,3,2,1,1,0,2,1,49,49,5,1,No
0,2,1,3,1,1,0,2,1,0,0,2,0,0,0,0,0,3,3,2,2,2,0,1,1,1,50,50,0,0,Maybe
0,1,1,3,1,0,1,0,1,0,1,0,0,0,0,1,1,3,3,0,2,1,1,0,2,1,50,50,0,2,No
0,1,0,3,0,1,1,0,3,1,1,0,2,0,0,1,1,0,0,1,2,2,2,1,3,0,50,50,5,2,Yes
1,2,1,3,0,1,1,0,3,0,1,0,2,0,0,2,0,0,1,3,1,0,1,0,0,1,11,50,4,2,No
1,2,1,3,0,1,1,0,3,0,1,0,2,0,0,0,1,0,0,1,2,2,2,1,0,1,50,50,7,2,Yes
1,2,1,3,0,1,1,0,3,0,1,0,2,0,0,0,0,0,1,0,2,0,2,1,3,1,50,50,7,0,Maybe
1,2,1,3,0,1,1,0,3,0,1,0,2,0,0,1,1,4,4,2,2,2,0,1,2,1,15,14,7,2,Maybe
0,5,0,0,0,1,1,1,1,2,1,1,0,0,0,1,1,0,3,3,2,0,0,1,0,1,50,50,10,1,Maybe
0,1,1,3,1,1,0,0,2,0,0,0,1,2,0,1,1,3,3,0,1,0,2,1,2,1,50,50,0,0,Yes
0,4,1,0,0,2,2,2,5,1,1,0,2,2,0,2,0,0,1,1,2,1,1,0,2,0,50,50,5,1,Maybe
0,1,1,0,0,1,0,0,3,0,0,0,0,0,0,1,1,3,0,1,2,1,1,0,0,1,50,50,0,2,No
0,2,1,0,1,1,1,1,2,0,0,1,1,0,0,0,1,0,1,1,2,1,1,1,0,1,49,49,0,1,No
1,2,1,3,0,1,1,0,3,0,1,0,2,0,0,1,1,3,0,3,1,1,1,0,1,1,22,21,4,2,No
0,5,0,3,2,1,2,2,1,0,1,0,2,1,0,0,1,0,1,0,2,1,1,1,2,1,50,50,5,2,Yes
0,0,1,1,0,1,1,1,4,2,1,1,1,0,0,1,1,4,4,2,2,2,2,1,0,1,50,50,7,2,Yes
0,2,1,3,2,1,1,2,3,1,1,2,2,2,0,2,1,0,2,1,2,2,2,1,0,1,50,50,0,2,Yes
0,3,1,3,0,2,1,0,5,1,1,2,2,0,0,0,1,1,2,1,2,2,2,1,2,0,50,50,5,2,Yes
0,4,1,1,1,1,1,0,5,0,0,1,0,1,0,1,1,4,4,1,2,2,0,0,2,1,52,52,5,2,Maybe
0,4,1,3,2,1,2,0,2,1,1,0,2,2,0,1,1,1,1,0,1,2,2,1,0,1,50,50,10,0,Maybe
0,5,1,3,1,1,0,0,3,0,0,0,0,1,0,2,1,3,3,0,1,1,2,1,0,0,50,50,11,2,Yes
0,4,1,3,0,1,0,0,5,1,1,2,2,2,0,0,0,0,1,3,1,1,2,0,2,1,50,50,5,0,Maybe
0,0,0,2,0,2,1,2,1,1,1,2,2,2,0,0,1,0,0,1,2,0,0,1,0,1,50,50,0,2,No
0,0,1,1,0,1,1,0,1,0,0,1,1,0,0,1,1,3,3,0,2,2,0,0,0,1,50,50,0,2,Maybe
0,0,1,0,0,1,1,0,1,2,2,1,1,1,0,1,1,3,3,3,2,2,2,1,1,0,11,10,4,0,Maybe
0,4,0,3,0,1,1,0,3,1,1,0,2,0,0,0,1,0,1,1,2,2,2,1,2,1,50,50,0,2,Yes
1,2,1,3,0,1,1,0,3,0,1,0,2,0,0,0,1,0,0,1,2,1,1,0,0,1,50,50,7,2,No
0,5,0,0,1,1,1,0,4,2,1,1,1,1,0,0,1,3,3,3,2,0,2,1,0,1,50,50,5,1,Yes
0,2,1,3,1,1,1,0,1,1,1,2,2,0,0,0,1,3,3,1,2,1,0,0,2,1,50,50,0,2,No
0,2,1,3,2,1,1,1,3,1,1,0,0,1,0,0,1,0,1,0,0,0,0,0,0,1,50,50,5,1,Maybe
0,4,1,1,1,1,1,0,2,2,1,1,1,0,0,2,1,0,0,0,2,2,2,1,2,0,50,50,5,1,Yes
1,2,1,3,0,1,1,0,3,0,1,0,2,0,0,0,1,0,0,2,2,2,2,1,2,1,34,49,4,0,Yes
0,5,0,3,2,2,2,0,3,1,1,0,2,2,0,2,1,0,3,0,1,2,2,1,0,1,50,50,5,2,Yes
0,4,1,1,1,1,0,0,1,1,1,2,2,0,0,0,0,0,0,1,2,2,0,0,2,1,50,50,5,1,Maybe
0,5,0,3,0,0,2,2,5,1,1,0,2,0,0,0,0,0,0,1,2,2,1,0,0,1,50,50,8,2,No
0,4,1,3,0,1,1,0,3,1,1,0,2,0,0,0,0,0,0,1,2,1,1,0,0,1,50,50,5,2,No
0,2,0,3,2,1,1,2,1,1,1,0,0,2,0,2,0,0,1,0,1,0,0,0,2,1,50,50,5,2,Maybe
0,0,1,0,0,1,1,0,5,1,1,0,0,2,0,0,0,0,0,1,2,2,0,0,2,0,50,50,5,0,Maybe
0,5,1,3,0,1,2,0,2,0,1,1,1,0,0,1,1,0,3,1,2,1,0,0,2,0,50,50,5,1,No
0,4,1,0,0,1,1,0,3,0,0,1,1,0,0,1,1,3,3,1,2,2,2,1,1,1,50,50,5,2,Yes
0,4,0,3,0,1,1,2,2,0,0,1,0,1,0,1,1,0,0,0,1,2,1,0,0,1,50,50,5,1,No
0,4,1,0,0,1,1,0,0,1,1,0,0,0,0,0,0,0,0,1,2,2,2,1,2,1,20,19,5,2,Maybe
0,1,1,0,1,1,0,0,1,2,1,1,1,0,0,0,1,3,0,1,2,1,0,0,2,1,10,9,0,1,No
0,4,1,0,1,1,1,0,0,2,1,1,1,0,0,2,1,3,3,1,2,1,1,0,2,1,50,50,5,2,No
0,1,1,3,1,1,2,2,0,0,1,1,1,0,0,0,1,3,0,1,2,2,2,1,0,1,50,50,5,2,No
1,2,1,3,0,1,1,0,3,0,1,0,2,0,0,2,1,0,0,1,2,0,2,0,1,1,50,50,5,0,Yes
0,2,1,3,0,2,2,0,1,0,1,0,0,1,0,2,0,0,0,0,1,0,2,1,0,1,50,50,0,1,Yes
0,4,1,0,0,1,0,1,1,0,0,1,0,0,0,0,0,0,0,1,2,1,0,1,3,0,50,50,8,2,Maybe
1,2,1,3,0,1,1,0,3,0,1,0,2,0,0,0,1,0,1,0,0,2,2,0,3,1,50,50,0,0,Yes
1,2,1,3,0,1,1,0,3,0,1,0,2,0,0,1,1,0,0,3,2,2,0,1,0,1,26,25,7,2,Yes
0,4,0,2,0,0,0,0,0,2,0,0,0,1,1,2,2,4,0,2,0,2,2,1,3,1,22,21,5,2,Yes
1,2,1,3,0,1,1,0,3,0,1,0,2,0,0,2,2,3,3,0,1,1,2,1,0,1,28,27,4,2,No
0,3,1,0,0,0,0,0,5,1,1,2,2,2,0,2,0,0,0,1,2,2,2,1,0,1,50,50,5,0,Yes
0,4,1,1,0,1,1,0,2,0,0,2,0,1,0,0,0,3,1,1,2,1,2,1,1,1,50,50,5,0,Maybe
0,1,1,3,1,1,2,0,2,2,1,1,0,0,0,0,1,3,0,3,0,1,1,0,1,0,50,50,3,2,Maybe
0,4,1,1,0,2,1,0,2,0,1,1,0,0,0,1,1,4,0,3,0,2,2,1,1,1,50,50,3,0,Yes
0,1,1,0,1,1,0,0,5,0,1,0,0,0,0,1,1,3,0,0,1,0,0,1,0,1,50,50,3,2,Maybe
0,2,1,3,2,1,0,0,5,1,1,0,2,2,0,2,0,0,1,1,2,1,1,0,3,1,50,50,0,0,No
0,1,1,3,2,1,1,2,4,0,1,0,2,0,0,2,0,0,0,1,2,1,2,1,2,1,50,50,0,2,Maybe
0,1,1,3,2,2,1,0,5,1,1,2,2,2,0,0,0,2,2,1,2,2,1,1,2,1,50,50,5,1,Yes
0,3,0,3,1,1,0,0,5,0,0,2,2,2,0,0,0,3,0,1,2,0,1,0,0,1,11,10,5,2,No
1,2,1,3,0,1,1,0,3,0,1,0,2,0,0,1,0,1,0,3,2,2,0,0,0,1,3,2,5,2,Maybe
1,2,1,3,0,1,1,0,3,0,1,0,2,0,0,1,1,3,0,3,0,1,2,1,3,1,3,2,7,2,Maybe
0,5,1,0,0,1,0,0,0,0,0,1,1,1,0,1,1,0,0,0,2,1,2,1,1,1,50,50,3,0,Maybe
1,2,1,3,0,1,1,0,3,0,1,0,2,0,0,0,1,4,4,2,2,2,2,1,1,0,35,34,7,0,Yes
0,5,1,3,0,1,0,1,4,2,0,0,1,1,1,0,1,3,3,3,2,2,0,1,2,2,50,50,3,2,Maybe
0,4,1,0,0,1,1,0,1,0,1,0,2,1,0,0,1,0,0,0,2,0,2,1,1,1,50,50,5,2,Maybe
0,5,1,3,1,2,0,0,3,1,0,0,2,0,0,1,1,3,0,0,0,1,1,0,0,1,11,10,5,2,Maybe
0,0,1,1,2,1,1,1,4,2,1,1,1,1,1,0,1,3,3,3,2,2,2,1,3,1,50,50,3,2,Yes
0,2,1,1,0,1,1,0,4,2,0,0,1,1,0,1,1,3,3,0,0,1,2,0,0,1,50,50,5,2,No
0,4,1,3,2,1,1,0,2,1,1,2,2,2,0,2,0,4,4,2,1,2,2,1,2,0,50,50,5,0,Yes
0,4,1,3,1,1,1,0,4,1,1,0,0,0,0,0,1,0,0,3,2,2,2,1,0,1,50,50,0,2,Yes
0,1,1,3,1,1,2,1,1,2,2,0,1,1,1,1,1,3,0,2,0,2,2,1,2,1,50,50,0,2,No
0,5,0,3,0,2,2,2,2,1,1,0,2,2,0,0,1,0,0,0,0,2,1,1,0,0,50,50,5,2,Yes
1,2,1,3,0,1,1,0,3,0,1,0,2,0,0,2,0,0,0,1,2,0,1,0,2,1,50,50,7,2,No
0,5,1,3,2,2,2,0,0,0,1,1,0,0,0,2,1,0,0,3,2,2,2,1,2,1,50,50,2,2,Yes
0,2,1,3,1,2,2,0,0,1,1,2,2,2,0,1,1,3,0,1,2,2,2,1,0,1,50,50,3,2,No
0,4,1,3,2,1,1,0,1,1,1,1,0,0,0,2,1,0,0,3,2,2,0,1,0,0,50,50,5,1,Maybe
0,5,0,0,0,2,0,2,3,2,1,1,1,0,0,2,1,3,3,1,2,1,1,0,1,1,49,49,5,2,Maybe
1,2,1,3,0,1,1,0,3,0,1,0,2,0,0,2,0,0,1,3,1,1,1,0,2,1,32,49,0,0,No
0,5,0,1,1,2,2,0,3,0,1,1,1,0,0,2,2,0,1,1,2,1,1,0,2,1,21,20,11,1,No
1,2,1,3,0,1,1,0,3,0,1,0,2,0,0,0,0,0,0,2,2,2,2,1,3,0,11,10,7,0,Maybe
1,2,1,3,0,1,1,0,3,0,1,0,2,0,0,0,1,4,3,0,2,2,2,1,3,0,50,50,5,2,Yes
0,2,1,0,0,1,1,0,0,2,2,1,1,1,0,1,1,3,3,1,2,2,2,1,2,0,50,50,5,2,Yes
0,2,1,2,0,1,0,0,1,0,1,1,0,0,0,2,1,3,3,2,2,0,2,1,0,1,3,2,0,2,No
1,2,1,3,0,1,1,0,3,0,1,0,2,0,0,1,1,3,0,3,2,1,1,0,0,1,50,50,7,0,No
0,4,1,1,1,1,1,1,2,2,0,1,1,0,1,0,1,3,0,2,2,2,2,1,2,1,22,21,0,1,Maybe
1,2,1,3,0,1,1,0,3,0,1,0,2,0,0,0,1,0,1,0,2,1,2,0,2,1,49,49,7,0,No
0,2,1,0,0,1,1,2,3,1,1,0,0,0,0,2,0,0,2,1,2,1,2,1,0,1,49,49,5,2,Yes
0,5,1,3,0,2,2,2,3,1,1,2,2,2,0,1,1,4,0,1,2,1,2,1,3,1,49,49,5,0,No
0,4,0,0,1,1,1,0,1,0,0,0,2,0,0,1,1,0,0,1,2,2,2,1,0,0,50,50,5,1,Yes
0,4,1,0,0,1,0,2,3,2,1,1,1,0,0,2,1,3,3,1,2,0,1,0,2,1,11,10,5,2,No
0,1,1,1,2,1,0,0,1,1,1,1,0,0,0,2,2,1,1,1,2,2,2,1,2,1,50,50,5,2,No
1,2,1,3,0,1,1,0,3,0,1,0,2,0,0,0,1,3,3,0,0,0,0,0,2,1,45,44,7,0,Maybe
1,2,1,3,0,1,1,0,3,0,1,0,2,0,0,0,0,0,0,1,2,1,2,1,0,1,49,49,5,2,Yes
0,2,0,0,1,1,1,0,4,0,1,1,1,1,0,0,1,0,1,1,2,0,1,1,2,1,50,50,5,1,Yes
0,4,0,1,0,1,1,0,3,0,0,1,2,0,0,0,0,0,0,0,1,2,2,1,2,1,50,50,5,2,Yes
1,2,1,3,0,1,1,0,3,0,1,0,2,0,0,0,0,2,2,1,2,1,2,1,0,1,3,2,5,0,Yes
0,2,0,0,0,1,1,0,1,1,1,1,1,2,0,0,1,1,1,0,0,0,0,0,2,1,8,7,5,1,Maybe
0,2,1,1,0,1,1,0,3,2,1,0,2,2,0,1,1,3,3,1,2,2,2,1,1,0,50,50,0,1,Yes
0,0,1,1,1,1,1,1,2,0,1,1,1,0,0,1,1,0,3,0,0,2,0,1,0,1,50,50,5,0,Maybe
0,2,1,3,1,1,1,0,3,0,1,2,2,1,0,1,1,3,0,1,2,1,1,0,0,1,11,10,10,2,No
1,2,1,3,0,1,1,0,3,0,1,0,2,0,0,0,1,3,3,0,2,0,0,0,0,1,22,21,7,2,Maybe
0,4,1,3,0,0,0,2,5,1,1,0,0,2,0,2,2,0,2,0,1,1,2,1,0,0,11,10,0,2,Yes
1,2,1,3,0,1,1,0,3,0,1,0,2,0,0,0,1,4,0,3,2,2,0,0,0,1,50,50,5,2,Maybe
0,4,1,1,1,1,1,0,0,0,1,0,1,1,0,0,1,0,0,0,1,2,0,1,0,1,49,49,0,1,No
0,2,1,0,1,0,1,0,1,1,1,0,0,2,0,2,0,0,1,0,1,0,1,0,2,1,46,45,0,2,No
0,3,0,0,0,2,0,0,3,0,1,2,1,0,0,1,0,3,3,3,2,2,0,1,0,0,34,33,8,1,No
0,2,0,2,0,2,2,2,5,1,1,1,2,2,0,2,0,0,0,1,2,2,1,0,0,1,44,43,5,1,No
1,2,1,3,0,1,1,0,3,0,1,0,2,0,0,2,0,3,3,1,2,2,2,1,0,1,49,49,4,2,Yes
0,2,1,0,0,1,1,0,3,0,0,1,1,1,0,0,0,0,1,2,1,1,2,1,1,1,49,49,8,0,Yes
0,1,1,1,1,1,2,0,1,0,1,2,2,0,0,2,0,0,0,1,2,2,2,1,0,1,50,50,2,2,No
0,1,1,3,0,0,2,0,5,0,1,0,0,0,0,1,1,3,0,0,1,1,1,0,0,1,50,50,0,2,No
0,1,1,0,0,1,0,0,3,1,1,0,0,0,0,0,0,0,0,3,0,2,2,1,1,1,50,50,3,0,Yes
0,1,1,0,0,1,0,0,5,1,1,2,2,2,0,2,0,0,0,3,0,1,1,0,0,1,50,50,0,0,No
0,5,0,3,1,0,2,0,2,0,0,1,1,0,0,1,1,3,3,0,1,2,2,1,1,1,50,50,4,2,No
0,1,1,0,1,1,0,0,5,1,1,1,1,2,0,1,1,0,0,1,2,2,1,0,2,1,50,50,3,0,No
0,1,0,3,0,2,0,0,0,0,1,2,0,0,0,0,0,0,3,1,2,0,1,1,0,1,50,50,5,2,No
0,1,1,1,2,1,1,0,2,2,1,0,1,1,0,0,1,4,3,1,2,2,2,1,0,1,50,50,3,2,Yes
0,1,1,0,1,1,0,0,1,1,1,0,2,0,0,0,1,0,0,1,2,2,0,1,2,1,50,50,3,2,Maybe
0,0,1,2,0,1,1,0,5,1,1,2,2,2,0,0,1,3,1,1,2,1,1,0,2,1,49,49,0,1,No
0,5,1,3,2,1,1,2,5,2,1,1,1,1,1,1,1,4,3,2,2,2,2,1,0,0,50,50,0,2,Yes
0,5,0,3,0,1,1,0,1,1,0,1,1,0,0,1,0,3,0,1,2,1,1,0,2,0,50,50,5,1,No
0,4,1,1,0,1,1,2,5,1,1,2,2,2,0,2,2,0,1,1,2,1,1,0,0,1,44,43,5,2,No
0,4,1,0,0,1,0,2,3,1,1,0,2,2,0,2,2,1,1,1,2,2,2,1,0,2,50,50,0,0,Maybe
0,5,1,0,0,0,0,0,3,1,1,0,2,2,0,0,0,1,0,1,2,1,1,0,2,1,50,50,5,2,No
1,2,1,3,0,1,1,0,3,0,1,0,2,0,0,1,1,1,2,1,2,2,1,0,0,1,39,38,5,0,No
0,4,1,1,1,1,1,0,0,1,1,0,0,0,0,2,1,3,1,1,2,1,1,0,0,1,43,42,0,2,No
0,4,1,1,0,1,1,0,4,2,0,1,0,1,0,0,1,3,3,0,0,1,2,1,1,0,49,49,5,1,No
0,5,1,1,1,1,1,0,2,0,0,1,1,1,0,0,0,0,0,1,2,1,0,1,1,1,22,21,8,1,No
0,2,1,0,0,2,2,2,5,1,1,0,2,2,0,0,0,1,1,0,1,2,2,1,2,1,49,49,0,2,No
0,1,1,0,1,0,0,0,2,1,1,0,2,0,0,0,1,0,1,0,1,2,0,1,1,1,50,50,0,2,No
0,4,1,1,0,1,1,0,2,0,1,1,1,1,0,1,1,3,1,1,2,1,1,0,0,1,50,50,5,2,No
0,2,1,3,0,1,1,0,3,1,1,2,2,2,0,0,1,1,1,1,2,0,2,1,0,0,50,50,0,2,Yes
0,5,1,3,1,2,0,2,5,1,1,2,2,2,0,0,0,1,1,1,2,1,1,0,2,1,50,50,3,1,No
0,5,0,3,2,1,0,0,0,0,0,1,0,1,0,2,0,1,1,0,2,1,1,0,2,1,50,50,5,1,No
0,1,0,3,2,2,0,0,1,1,1,2,2,2,0,1,1,0,1,1,2,2,2,1,0,0,50,50,5,2,Yes
1,2,1,3,0,1,1,0,3,0,1,0,2,0,0,0,0,0,0,0,2,0,0,1,1,1,4,3,7,2,No
0,4,1,3,1,1,0,0,0,2,1,1,1,1,0,0,1,0,3,3,2,2,2,1,1,1,50,50,2,0,Yes
0,4,0,3,0,1,0,0,3,1,1,1,2,2,0,0,0,0,3,1,2,2,2,1,2,0,50,50,5,2,Yes
0,1,1,3,2,1,1,0,0,1,1,0,2,0,0,0,0,4,0,2,1,0,0,0,0,1,50,50,5,2,Maybe
0,2,1,0,0,1,1,0,3,0,1,0,2,2,0,0,0,0,3,2,1,0,0,0,0,1,49,49,5,1,Maybe
1,2,1,3,0,1,1,0,3,0,1,0,2,0,0,1,1,3,3,2,0,2,2,1,0,1,50,50,8,2,Yes
0,4,1,2,2,1,1,1,2,2,1,1,1,0,0,1,1,3,3,1,2,2,2,1,2,1,17,16,5,1,Maybe
1,2,1,3,0,1,1,0,3,0,1,0,2,0,0,0,0,0,0,1,2,1,1,0,1,1,50,50,4,2,No
0,5,1,2,0,0,0,0,2,2,1,0,0,0,1,0,1,0,0,2,2,2,2,1,2,1,3,2,5,2,Yes
0,4,1,0,1,1,0,2,3,1,1,0,0,2,0,2,0,0,1,3,1,2,2,1,2,1,50,50,5,1,Yes
0,2,1,3,2,1,1,0,1,1,1,0,0,0,0,2,1,0,0,1,2,1,2,1,0,1,50,50,0,2,Yes
0,2,1,1,0,1,1,0,5,1,1,0,2,2,0,0,0,0,0,0,1,1,1,0,0,1,3,2,10,2,No
0,3,0,3,2,0,0,0,2,2,0,1,1,0,1,0,1,3,3,3,0,2,2,1,1,1,3,2,10,2,Maybe
0,5,1,2,0,1,1,0,3,0,1,0,1,0,0,0,1,0,1,3,1,1,2,1,2,1,50,50,3,1,Yes
0,1,1,0,0,1,0,1,3,0,1,0,0,1,0,0,0,0,0,2,2,0,2,1,0,1,5,4,0,2,Yes
0,5,1,0,0,1,1,0,3,1,1,2,2,0,0,2,2,0,1,1,2,2,1,1,0,1,26,25,5,0,No
0,5,0,3,2,1,2,2,1,1,1,2,0,0,0,1,1,1,1,1,2,0,2,1,3,0,50,50,7,1,Yes
0,2,0,3,2,1,1,0,2,0,1,0,0,0,0,0,0,0,0,0,2,2,2,1,0,1,50,50,0,2,Yes
0,2,1,0,0,1,1,0,3,1,1,2,2,0,0,2,2,0,1,1,2,0,1,0,0,1,50,50,0,0,Maybe
0,5,1,3,2,0,0,0,4,0,0,0,0,0,0,1,1,0,0,1,2,1,1,1,0,1,50,50,4,2,No
0,4,1,0,0,1,0,0,1,0,0,1,1,0,0,0,1,3,3,1,2,2,2,1,2,1,50,50,5,2,Maybe
1,2,1,3,0,1,1,0,3,0,1,0,2,0,0,0,0,0,0,0,1,2,2,1,1,0,50,50,5,0,Yes
1,2,1,3,0,1,1,0,3,0,1,0,2,0,0,1,1,3,0,2,0,2,2,1,1,1,1,50,5,2,Yes
0,2,1,3,2,1,0,2,5,1,1,0,0,2,0,0,0,1,0,1,2,1,2,1,2,1,36,35,5,1,Yes
0,2,0,3,2,2,2,0,0,0,0,2,0,0,0,1,1,3,0,1,2,0,1,1,0,1,22,21,0,1,No
0,2,0,0,0,2,1,0,3,1,1,0,2,2,0,0,0,0,1,1,2,2,1,0,2,1,20,19,3,2,No
0,2,0,2,0,1,1,1,5,1,1,0,0,1,0,2,2,0,1,1,2,1,1,0,2,1,3,2,7,2,No
1,2,1,3,0,1,1,0,3,0,1,0,2,0,0,2,0,3,0,1,2,2,0,1,2,1,34,33,5,2,Yes
0,0,1,3,2,2,1,1,5,1,1,2,2,2,0,2,2,2,2,1,2,2,0,1,1,1,50,50,2,0,Maybe
0,2,1,1,0,1,1,0,0,1,1,0,0,0,0,1,1,3,1,1,2,1,1,0,2,1,49,49,5,2,No
0,3,1,0,1,1,0,0,2,0,0,0,0,1,0,0,0,0,0,3,2,2,2,1,1,1,11,10,0,0,Yes
0,5,1,3,0,1,2,0,5,0,0,1,1,0,0,1,1,4,1,1,2,2,2,1,0,0,50,50,2,0,Maybe
1,2,1,3,0,1,1,0,3,0,1,0,2,0,0,0,1,3,3,0,0,1,0,1,0,1,50,50,5,0,Maybe
1,2,1,3,0,1,1,0,3,0,1,0,2,0,0,1,1,3,3,1,2,1,0,1,1,1,50,50,7,0,Maybe
0,4,1,3,2,1,1,2,5,0,1,1,1,1,0,1,1,3,0,1,2,2,2,1,2,1,50,50,0,1,Yes
0,1,1,0,0,1,0,0,3,0,0,2,0,0,0,0,1,0,0,0,2,2,2,1,0,0,50,50,5,2,Yes
0,3,0,2,0,2,2,0,5,1,1,2,2,2,0,0,1,0,1,1,2,1,0,0,0,1,49,49,10,1,Maybe
0,5,1,3,1,1,0,0,4,2,1,1,0,0,0,1,1,3,3,1,2,2,0,0,0,1,50,50,0,2,Yes
0,2,0,0,0,1,1,0,4,0,0,2,0,0,0,1,0,4,1,3,0,0,2,1,1,1,34,33,0,1,Yes
1,2,1,3,0,1,1,0,3,0,1,0,2,0,0,2,1,3,3,3,0,1,1,0,3,1,49,49,7,0,Maybe
0,1,1,3,1,1,1,2,5,1,1,2,2,2,0,2,2,1,1,1,2,1,1,0,2,1,38,37,8,0,No
0,4,1,3,2,2,2,2,3,1,1,2,2,2,0,2,2,2,2,2,1,2,2,1,0,1,50,50,5,2,Yes
0,5,1,3,2,0,0,1,2,2,1,0,2,1,0,0,1,4,0,2,2,2,2,1,1,1,50,50,8,2,Yes
0,5,1,2,0,2,2,2,5,1,1,2,2,2,0,2,2,0,0,2,1,2,2,1,0,1,3,2,11,2,Yes
1,2,1,3,0,1,1,0,3,0,1,0,2,0,0,0,1,3,3,3,2,0,0,0,0,1,50,50,4,0,No
0,4,1,3,0,2,2,2,5,1,1,2,2,0,0,1,1,1,1,1,2,2,2,1,2,2,50,50,0,2,Yes
0,5,1,3,0,1,0,0,4,0,1,0,2,1,0,0,0,3,0,1,2,1,1,0,2,1,50,50,5,2,No
0,5,0,3,1,2,2,2,1,1,1,1,0,0,0,1,1,3,0,1,2,1,2,1,2,1,50,50,3,1,Yes
1,2,1,3,0,1,1,0,3,0,1,0,2,0,0,0,1,3,3,3,2,1,0,0,1,0,50,50,7,2,Maybe
0,1,1,3,0,1,1,2,2,0,1,0,1,0,0,0,1,0,0,0,0,2,2,1,0,2,50,50,1,2,Yes
0,4,0,0,0,1,1,0,0,2,0,1,1,1,0,2,0,3,3,3,0,1,1,0,2,1,36,35,5,1,Maybe
0,4,1,1,0,1,1,1,2,0,1,0,0,0,0,0,0,0,4,2,0,1,2,1,2,1,49,49,3,1,Yes
0,4,1,2,0,1,1,0,3,1,1,0,0,0,0,2,1,0,1,1,2,1,1,0,2,1,49,49,0,1,No
0,5,1,3,0,1,2,0,2,0,1,0,0,0,0,1,1,0,0,0,2,0,0,0,1,1,50,50,10,2,Yes
0,4,1,3,0,1,1,0,2,0,1,1,0,0,0,0,1,3,0,1,2,2,2,0,2,0,50,50,5,0,No
0,4,1,0,0,2,2,0,5,1,1,2,2,2,0,0,0,0,0,3,0,2,2,1,2,1,47,46,5,2,No
1,2,1,3,0,1,1,0,3,0,1,0,2,0,0,2,1,3,3,3,2,2,2,1,0,1,49,49,5,2,Yes
0,1,0,3,2,2,1,2,2,0,0,1,0,2,0,2,1,0,3,0,2,0,1,0,2,1,50,50,8,2,No
0,5,0,3,1,2,2,2,2,2,0,1,1,2,0,0,0,3,3,0,1,1,1,0,2,1,50,50,8,1,No
0,4,1,3,2,1,1,0,5,1,1,0,2,2,0,2,0,0,1,1,2,1,1,0,2,1,50,50,0,2,No
0,1,1,3,0,1,0,2,1,0,1,0,0,1,0,2,0,1,1,1,2,2,2,1,0,1,50,50,0,2,Yes
0,2,1,3,1,1,2,0,5,1,1,0,2,2,0,2,2,3,1,1,2,1,1,0,3,1,50,50,4,0,No
0,2,1,3,2,1,1,0,3,0,1,0,2,1,0,1,0,3,1,3,0,2,2,1,0,1,11,10,0,1,Yes
0,4,1,1,0,1,1,0,1,0,0,0,0,0,0,1,1,3,3,3,0,1,2,1,0,1,50,50,4,2,No
1,2,1,3,0,1,1,0,3,0,1,0,2,0,0,1,1,3,3,3,2,1,1,0,3,1,50,50,7,2,Maybe
0,4,1,0,1,1,1,2,2,0,1,0,1,0,0,2,2,3,0,0,1,1,1,1,2,1,21,20,0,1,No
0,4,1,2,0,1,1,0,3,0,0,0,0,2,0,2,1,0,0,0,1,0,0,0,0,1,49,49,0,0,No
0,4,1,1,0,1,1,2,2,0,0,2,0,0,0,1,1,3,1,1,2,2,2,1,2,1,50,50,3,2,Yes
0,5,1,3,2,2,2,0,2,0,1,2,2,2,0,0,0,2,1,1,2,2,2,1,0,1,49,49,5,2,Maybe
0,2,1,0,0,2,0,0,3,1,1,1,2,0,0,1,1,3,1,1,2,1,0,1,0,1,50,50,0,1,Maybe
1,2,1,3,0,1,1,0,3,0,1,0,2,0,0,0,0,0,0,2,0,1,2,1,1,1,49,49,5,2,Maybe
1,2,1,3,0,1,1,0,3,0,1,0,2,0,0,1,1,3,3,1,2,1,1,0,3,0,50,50,7,2,No
0,3,1,0,1,2,2,0,0,2,0,1,0,1,0,1,1,3,3,0,2,2,2,1,0,2,49,49,0,1,Maybe
0,2,1,3,1,0,0,0,0,0,1,1,0,0,0,0,1,3,3,0,2,1,1,0,3,1,50,50,0,2,No
0,4,1,1,1,1,1,2,4,2,2,1,1,1,0,1,1,3,3,0,2,1,1,1,0,1,11,10,5,1,Yes
1,2,1,3,0,1,1,0,3,0,1,0,2,0,0,0,1,3,0,1,2,1,1,0,1,1,46,45,5,2,No
0,5,0,0,1,0,0,0,0,0,1,1,1,0,0,1,1,0,1,0,2,2,2,0,1,1,50,50,5,2,Yes
0,0,1,1,0,1,1,1,4,2,2,1,1,0,0,0,1,3,3,0,2,2,2,1,2,0,11,10,5,2,No
0,1,1,3,2,1,2,2,0,2,1,1,1,1,0,2,1,3,0,0,2,2,0,1,2,1,50,50,3,1,Yes
0,4,1,0,0,1,0,1,3,2,1,1,1,0,0,0,2,0,1,1,2,2,0,0,2,1,50,50,0,2,No
0,3,0,0,1,2,2,2,0,1,0,1,2,2,0,0,1,0,0,0,2,1,1,0,0,1,50,50,4,2,No
0,2,1,0,1,2,0,0,5,1,1,0,2,2,0,1,1,0,1,0,1,1,1,0,2,0,50,50,0,2,No
0,4,1,3,0,1,1,2,5,1,1,0,0,0,0,0,1,4,0,3,0,2,2,1,2,1,50,50,4,2,Yes
0,2,1,3,0,1,1,0,1,2,1,1,1,1,1,1,1,3,3,2,2,2,2,1,2,0,50,50,0,1,Yes
0,3,1,3,2,2,2,2,1,1,1,2,0,0,0,0,2,2,2,1,2,0,0,1,0,1,49,49,5,2,Maybe
1,2,1,3,0,1,1,0,3,0,1,0,2,0,0,1,1,3,0,2,2,0,2,1,2,0,11,10,5,0,Yes
0,4,1,1,0,1,1,0,3,0,0,2,1,0,0,1,1,3,0,1,2,2,1,0,0,0,50,50,8,0,No
0,4,1,1,1,0,0,0,1,2,0,1,1,0,0,1,1,0,0,0,0,0,0,1,2,1,49,49,0,1,Maybe
0,4,1,2,0,1,1,0,1,1,1,0,0,0,0,2,2,1,1,0,1,0,0,0,0,1,50,50,0,1,Maybe
0,2,1,3,2,1,1,2,2,2,1,0,0,1,1,1,1,4,4,2,2,2,2,1,0,1,50,50,5,2,Yes
0,5,0,3,2,1,2,2,1,0,1,0,1,1,0,1,1,1,2,1,2,0,0,1,2,1,50,50,5,2,Yes
1,2,1,3,0,1,1,0,3,0,1,0,2,0,0,0,1,0,0,3,2,2,0,1,0,0,50,50,5,2,Maybe
0,2,1,1,2,1,1,1,4,0,1,0,0,0,0,1,1,3,3,1,2,2,1,0,2,0,11,10,5,2,No
0,2,1,0,0,1,1,0,2,0,0,1,1,0,1,0,1,0,0,0,2,1,0,1,2,0,11,10,5,1,No
0,5,0,3,0,1,0,0,2,0,1,1,0,0,0,1,1,3,3,1,2,2,2,1,1,0,50,50,7,2,No
0,2,1,3,0,1,2,2,3,1,1,2,2,2,0,2,0,0,0,0,1,1,0,0,0,1,50,50,0,2,No
0,5,0,0,1,1,0,0,1,2,0,0,0,1,1,0,1,3,3,2,2,0,2,1,0,2,50,50,5,2,Yes
0,1,0,3,2,1,1,2,4,2,1,1,1,0,0,0,1,3,3,0,0,0,2,1,0,1,50,50,11,0,Yes
0,5,0,3,1,2,2,2,3,0,1,1,0,2,0,0,1,3,3,3,2,1,1,0,1,1,50,50,5,1,No
1,2,1,3,0,1,1,0,3,0,1,0,2,0,0,1,1,3,4,1,2,2,2,1,0,0,50,50,1,2,Yes
0,1,1,3,1,1,2,2,5,1,1,1,2,0,0,1,1,0,1,0,0,0,0,0,0,1,50,50,0,0,Maybe
0,1,1,3,0,2,1,0,3,0,1,0,0,0,0,0,1,0,1,3,0,0,0,0,2,0,50,50,5,0,Maybe
0,2,0,3,2,2,2,2,1,0,1,2,2,0,1,0,1,4,4,2,0,0,2,1,0,0,50,50,8,2,Yes
0,4,1,3,2,1,1,2,2,2,1,0,0,0,0,1,1,4,0,1,2,2,2,1,0,0,50,50,8,1,Yes
0,2,0,0,1,1,1,0,0,1,1,1,1,0,0,0,1,0,3,0,0,2,0,1,0,1,11,10,5,2,Maybe
1,2,1,3,0,1,1,0,3,0,1,0,2,0,0,0,1,3,3,3,2,1,1,0,1,1,50,50,7,0,No
0,1,1,3,1,1,1,0,3,0,1,1,0,0,0,0,1,0,0,0,0,1,0,0,1,0,50,50,5,1,Maybe
0,2,0,3,2,1,2,0,3,1,1,0,0,2,0,0,0,1,0,1,2,1,1,0,0,1,46,45,4,2,No
0,2,1,3,2,2,2,0,1,2,1,0,1,2,0,1,1,0,1,1,2,2,2,1,2,1,50,50,0,2,Yes
0,5,0,3,2,2,2,2,1,1,0,0,1,2,0,0,1,0,0,0,1,2,2,1,3,0,50,50,8,1,Yes
0,2,0,0,0,2,2,2,1,0,1,2,0,0,1,0,0,0,1,0,0,1,1,0,0,0,50,50,8,1,No
0,4,1,0,1,1,1,0,5,2,1,2,2,0,0,1,1,3,0,1,2,1,1,0,0,1,34,33,0,1,No
0,0,1,3,2,1,1,0,1,0,1,0,0,0,0,1,1,0,0,3,2,2,1,0,2,1,50,50,5,1,No
0,1,1,3,2,1,0,0,3,0,1,0,0,0,0,0,1,3,3,2,2,2,2,1,0,1,50,50,1,0,Yes
0,4,1,3,2,1,1,1,4,2,2,0,1,1,0,0,0,0,0,0,2,0,2,1,2,1,22,21,5,1,Maybe
0,0,1,0,1,2,2,2,3,1,1,2,2,2,0,2,2,0,1,1,2,1,1,0,1,1,50,50,8,0,No
0,2,1,0,0,0,0,0,1,1,1,0,2,2,0,1,1,0,0,1,2,0,2,0,0,1,50,50,0,0,Yes
0,5,1,3,1,1,0,2,4,0,1,1,1,1,1,2,1,3,3,2,1,2,2,1,0,1,49,49,10,2,Yes
0,5,1,3,0,2,2,0,0,0,1,0,0,1,0,0,1,3,3,2,2,2,0,0,0,1,28,27,3,2,No
1,2,1,3,0,1,1,0,3,0,1,0,2,0,0,1,1,1,1,1,2,0,1,0,0,0,50,50,1,0,No
0,0,1,0,1,1,0,1,4,0,0,1,1,1,1,0,2,3,3,3,2,0,1,1,2,0,8,7,8,0,No
1,2,1,3,0,1,1,0,3,0,1,0,2,0,0,0,0,3,3,2,2,0,2,1,0,2,50,50,1,2,Yes
0,5,0,0,1,1,1,0,4,0,0,1,2,1,0,0,0,3,3,3,2,2,1,0,2,0,11,10,5,1,No
1,2,1,3,0,1,1,0,3,0,1,0,2,0,0,1,1,3,3,0,2,2,2,1,3,0,50,50,7,2,Yes
0,4,0,1,1,1,1,0,2,0,1,2,1,0,0,1,1,3,0,0,0,2,2,1,3,1,50,50,5,2,Yes
0,0,0,0,0,1,1,0,4,0,0,1,1,2,0,1,1,3,3,1,2,2,0,1,2,1,50,50,0,2,Maybe
0,2,1,2,0,1,1,0,1,0,1,0,0,0,0,0,1,0,0,3,0,0,1,0,2,1,34,33,5,1,No
0,2,1,1,1,1,1,0,3,1,1,2,2,1,0,0,0,1,0,0,0,1,1,0,2,1,8,7,5,2,No
0,1,1,1,1,2,2,1,3,2,1,1,2,0,1,1,0,4,4,2,0,1,2,1,0,1,35,34,4,1,No
0,4,1,1,1,1,1,0,2,0,1,1,1,0,0,2,1,3,3,1,2,0,1,0,2,1,46,45,5,1,No
0,4,1,0,1,1,0,0,2,2,0,1,0,0,0,0,0,4,4,0,2,0,2,1,1,1,50,50,5,2,Maybe
1,2,1,3,0,1,1,0,3,0,1,0,2,0,0,0,0,3,0,0,2,0,2,1,0,1,10,9,7,2,Yes
0,4,0,0,0,1,0,0,0,0,1,1,1,0,0,0,1,3,3,1,2,1,1,0,0,1,50,50,5,0,No
0,3,0,3,0,2,2,1,4,2,1,0,1,1,0,1,1,3,3,0,2,1,1,0,3,0,50,50,11,1,No
1,2,1,3,0,1,1,0,3,0,1,0,2,0,0,2,0,0,0,0,2,0,1,0,1,1,46,45,5,2,No
1,2,1,3,0,1,1,0,3,0,1,0,2,0,0,0,1,3,0,1,2,1,2,1,3,0,22,21,5,0,Yes
0,5,1,3,2,0,0,0,1,1,1,2,2,2,0,2,2,1,1,1,2,2,2,1,0,1,50,50,8,0,No
0,5,0,2,0,1,2,0,4,2,1,1,1,1,0,0,0,3,3,0,1,0,1,0,1,1,49,49,5,1,Maybe
0,0,1,1,0,1,2,0,5,1,1,2,2,2,0,2,0,3,0,1,2,2,2,1,0,0,50,50,5,0,Yes
1,2,1,3,0,1,1,0,3,0,1,0,2,0,0,1,1,3,0,0,0,1,2,1,1,1,50,50,5,2,Yes
0,5,0,1,1,2,2,2,2,1,1,2,0,1,0,1,0,3,1,3,0,2,2,1,1,1,49,49,10,1,No
0,1,1,3,2,1,2,2,5,1,1,0,2,2,0,1,1,1,2,2,1,2,2,1,2,0,50,50,8,0,Yes
1,2,1,3,0,1,1,0,3,0,1,0,2,0,0,2,2,0,0,1,2,0,0,0,1,1,50,50,0,0,No
0,1,1,0,0,2,0,0,5,1,1,2,0,0,0,1,1,3,3,1,2,1,1,0,2,0,50,50,5,1,No
0,2,1,3,2,2,1,1,3,1,1,0,2,2,0,1,1,3,4,0,1,1,2,0,1,1,0,0,1,1,Yes
0,2,1,1,1,2,1,0,0,2,2,1,1,0,0,1,1,0,0,0,1,2,1,1,0,1,38,50,8,0,Yes
1,2,1,3,0,1,1,0,3,0,1,0,2,0,0,2,0,3,0,3,0,1,2,0,0,1,49,49,7,0,No
0,2,1,0,0,1,0,0,2,0,1,0,0,1,0,0,1,1,0,1,2,2,1,0,2,1,50,50,8,2,No
0,5,0,0,1,1,1,0,2,0,0,1,1,1,0,0,1,3,3,0,2,2,2,1,0,1,50,50,5,2,Yes
0,4,0,2,2,1,1,2,2,2,1,1,1,0,1,1,1,3,3,3,0,2,0,0,2,0,50,50,5,2,Yes
1,2,1,3,0,1,1,0,3,0,1,0,2,0,0,2,0,0,0,1,2,2,1,0,0,1,49,49,3,2,No
1,2,1,3,0,1,1,0,3,0,1,0,2,0,0,0,0,4,0,0,0,1,0,1,1,1,34,33,5,0,Yes
0,5,0,3,2,2,2,2,1,1,1,0,2,2,0,1,1,0,3,1,2,2,2,1,0,1,50,50,8,1,Yes
0,0,1,1,0,0,0,0,2,1,1,1,0,0,0,0,0,0,0,0,2,0,1,0,2,1,11,10,5,0,Maybe
0,5,0,0,0,1,0,0,1,1,1,1,0,0,0,0,1,0,0,1,2,2,2,1,2,1,49,49,0,1,Yes
0,5,1,3,2,1,0,0,3,0,1,1,1,1,0,0,1,3,3,0,2,2,2,1,2,1,50,50,0,1,Yes
0,1,1,0,0,1,0,0,0,1,1,2,2,2,0,1,1,3,3,3,2,1,0,0,0,1,50,50,10,0,Maybe
1,2,1,3,0,1,1,0,3,0,1,0,2,0,0,2,1,4,4,1,2,2,2,1,0,0,50,50,0,2,Yes
1,2,1,3,0,1,1,0,3,0,1,0,2,0,0,0,1,3,3,3,2,2,2,1,1,0,50,50,7,1,Yes
1,2,1,3,0,1,1,0,3,0,1,0,2,0,0,0,0,0,0,3,0,0,2,1,2,1,50,50,5,2,Maybe
0,3,1,2,0,2,2,2,3,1,1,2,2,2,0,0,0,1,1,1,2,0,0,0,0,1,46,45,5,0,Maybe
0,5,0,3,0,1,2,2,3,1,1,2,2,0,0,0,0,1,1,3,1,0,0,0,0,1,49,49,0,2,No
1,2,1,3,0,1,1,0,3,0,1,0,2,0,0,0,0,0,0,1,2,1,1,0,0,1,50,50,4,2,No
0,5,1,3,2,2,2,2,3,1,1,0,2,2,0,2,2,3,3,3,0,1,1,0,0,1,11,10,5,0,No
0,4,1,0,0,2,2,2,5,1,1,2,2,2,0,0,0,0,1,1,2,2,2,1,0,0,50,50,11,2,Yes
0,2,1,3,2,1,1,0,5,1,1,0,2,0,0,0,0,1,0,1,2,2,2,1,0,0,50,50,5,2,No
1,2,1,3,0,1,1,0,3,0,1,0,2,0,0,0,0,3,3,1,2,2,1,1,2,0,50,50,5,0,No
0,1,1,3,2,1,1,0,2,0,1,1,0,0,0,2,1,3,3,3,2,2,2,1,2,0,50,50,0,0,Yes
0,5,1,3,0,1,2,2,5,1,1,2,2,1,0,2,0,0,0,1,2,2,2,1,3,1,50,50,0,2,No
1,2,1,3,0,1,1,0,3,0,1,0,2,0,0,0,1,0,0,0,0,1,0,1,1,1,3,2,5,1,Yes
1,2,1,3,0,1,1,0,3,0,1,0,2,0,0,0,0,1,1,1,2,0,0,0,0,1,23,22,5,0,Maybe
1,2,1,3,0,1,1,0,3,0,1,0,2,0,0,0,1,3,3,2,2,2,2,1,0,1,49,49,7,0,Maybe
1,2,1,3,0,1,1,0,3,0,1,0,2,0,0,2,1,3,3,3,2,0,0,0,1,1,50,50,7,0,No
0,5,0,1,0,1,1,0,4,2,2,1,1,1,1,1,1,4,3,2,2,2,2,1,2,2,49,49,11,1,Yes
1,2,1,3,0,1,1,0,3,0,1,0,2,0,0,0,0,0,3,3,0,1,0,1,0,1,28,27,3,2,Maybe
1,2,1,3,0,1,1,0,3,0,1,0,2,0,0,1,1,3,3,3,0,2,2,1,3,0,50,50,7,2,Maybe
1,2,1,3,0,1,1,0,3,0,1,0,2,0,0,1,1,3,3,3,2,2,0,1,0,0,50,50,0,2,Yes
0,4,1,1,1,1,1,1,5,1,1,2,2,2,0,1,2,0,1,1,2,1,1,0,2,1,26,25,5,0,No
0,5,1,3,1,1,1,2,3,0,1,1,1,1,1,1,1,3,3,2,2,2,0,0,1,1,50,50,8,0,Maybe
0,5,0,3,2,2,2,2,5,0,1,0,2,0,0,0,0,1,1,1,2,2,0,1,1,0,50,50,10,2,No
0,4,1,2,0,2,2,2,5,1,1,2,2,2,0,0,0,0,1,1,2,0,1,0,2,0,3,2,5,2,No
0,5,0,3,2,1,2,2,3,0,1,1,1,1,0,2,1,4,3,2,2,2,2,1,0,1,50,50,1,1,Yes
0,5,0,0,0,2,2,2,1,1,1,2,2,2,0,2,2,1,2,0,1,1,2,1,0,1,49,49,11,1,Yes
0,2,1,0,1,1,0,0,0,0,0,0,0,0,0,0,0,0,0,1,2,0,0,0,0,1,50,50,5,2,Maybe
0,2,1,3,0,1,1,0,4,0,0,0,1,1,0,0,1,4,3,3,2,0,2,1,1,0,50,50,1,2,Yes
0,4,1,3,2,2,1,2,5,1,1,0,2,2,0,2,2,1,0,3,1,1,1,0,0,1,11,10,7,2,No
0,1,1,0,1,1,0,0,2,1,1,0,2,2,0,1,1,3,3,2,0,0,2,1,0,0,50,50,0,2,No
1,2,1,3,0,1,1,0,3,0,1,0,2,0,0,0,0,0,1,1,2,2,2,1,1,1,49,49,5,0,Yes
0,1,1,3,2,1,1,0,0,0,0,1,1,0,0,0,0,0,0,1,2,0,0,1,0,1,50,50,5,2,Maybe
1,2,1,3,0,1,1,0,3,0,1,0,2,0,0,0,0,0,0,1,2,0,1,0,0,1,11,10,5,0,No
0,5,1,0,0,1,0,0,3,0,0,1,0,2,0,2,0,0,0,0,0,1,1,0,1,1,35,34,10,2,No
1,2,1,3,0,1,1,0,3,0,1,0,2,0,0,0,1,3,1,1,2,1,1,1,0,1,50,50,1,2,No
1,2,1,3,0,1,1,0,3,0,1,0,2,0,0,1,1,0,0,1,2,2,2,1,1,0,50,50,1,2,Yes
0,2,1,1,0,1,1,0,2,0,1,1,0,1,0,2,1,0,0,1,2,2,0,1,2,1,50,50,0,2,No
0,4,1,3,1,1,1,0,0,1,1,2,2,2,0,1,1,1,1,1,2,2,2,1,2,1,50,50,0,0,No
0,1,1,2,0,1,0,0,4,2,0,0,0,0,0,1,1,3,3,1,2,2,1,0,0,1,50,50,8,1,No
0,3,1,2,0,2,2,2,5,1,1,2,2,2,0,0,1,1,1,1,2,1,2,1,0,2,49,49,5,1,Yes
1,2,1,3,0,1,1,0,3,0,1,0,2,0,0,1,1,0,3,0,0,2,0,1,3,0,50,50,5,0,Maybe
1,2,1,3,0,1,1,0,3,0,1,0,2,0,0,1,1,3,3,1,2,2,2,0,0,1,11,10,7,2,Yes
0,1,1,3,2,1,0,0,0,2,1,1,1,0,0,1,1,3,3,0,0,2,2,1,0,1,50,50,3,2,Yes
0,5,1,3,2,2,2,2,5,0,1,2,2,0,1,1,1,2,2,3,1,2,2,1,0,1,50,50,4,2,Yes
0,1,1,3,2,1,2,1,3,0,0,1,1,0,1,2,2,0,0,3,2,2,1,0,0,1,50,50,11,0,Yes
0,5,0,3,0,1,0,2,1,0,1,0,1,1,0,1,1,3,3,0,2,2,2,1,1,0,50,50,11,1,Maybe
0,0,1,0,0,1,1,0,3,0,0,0,1,2,0,0,1,3,0,1,2,0,2,1,2,0,50,50,5,2,Yes
0,5,0,3,1,1,2,0,0,0,1,1,1,1,0,0,1,3,0,1,2,1,1,0,1,1,50,50,11,1,No
0,1,1,3,2,1,1,0,5,1,1,2,2,1,1,1,1,0,0,3,1,2,2,1,0,0,50,50,5,0,Yes
0,3,0,3,2,1,1,2,3,2,0,0,1,1,0,0,1,3,3,0,1,2,2,1,0,0,50,50,8,1,Maybe
1,2,1,3,0,1,1,0,3,0,1,0,2,0,0,0,1,4,0,2,2,1,2,1,1,1,3,36,7,2,Maybe
0,4,1,1,1,1,1,0,1,1,1,2,2,2,0,0,0,1,1,1,2,0,2,1,2,1,50,50,0,2,Yes
1,2,1,3,0,1,1,0,3,0,1,0,2,0,0,0,1,0,0,0,0,1,1,0,0,0,50,50,0,0,No
0,5,1,0,0,1,0,0,5,1,1,0,1,0,0,1,1,0,1,1,2,1,1,0,2,1,50,50,0,2,No
1,2,1,3,0,1,1,0,3,0,1,0,2,0,0,0,0,0,1,1,2,1,2,0,1,1,50,50,5,2,No
1,2,1,3,0,1,1,0,3,0,1,0,2,0,0,0,1,4,1,0,1,2,0,0,1,1,49,49,7,0,Maybe
0,5,1,3,1,0,2,0,2,0,0,2,2,2,0,1,1,0,0,1,2,1,1,0,0,1,50,50,0,2,No
0,4,1,0,1,1,0,0,2,2,0,1,1,2,0,1,1,3,3,3,2,2,0,1,2,0,50,50,5,2,Maybe
0,1,1,3,2,0,0,2,3,1,1,2,2,0,0,0,0,2,2,2,1,2,2,1,0,1,11,10,10,0,Yes
0,1,1,3,1,1,1,0,2,0,1,1,0,1,0,0,1,0,0,1,2,0,0,0,2,1,50,50,0,2,Maybe
0,2,1,0,1,1,1,0,3,0,1,1,1,1,0,1,1,0,3,0,1,1,0,0,0,1,50,50,0,2,Maybe
0,5,1,3,2,0,2,2,0,0,0,0,0,2,0,1,1,3,0,3,2,2,2,1,1,0,50,50,4,0,Yes
0,1,1,0,0,2,2,0,5,1,1,0,2,2,0,0,1,0,1,1,2,1,1,0,2,1,3,2,5,0,Maybe
1,2,1,3,0,1,1,0,3,0,1,0,2,0,0,0,1,3,3,1,2,0,0,0,1,2,49,50,5,0,Maybe
0,1,1,3,0,1,1,0,1,0,1,1,0,0,1,2,1,0,0,0,1,2,2,1,0,1,50,50,2,0,Yes
0,4,0,3,2,1,1,2,3,0,1,0,1,0,0,2,1,3,0,3,2,1,2,1,0,1,50,50,7,2,Maybe
1,2,1,3,0,1,1,0,3,0,1,0,2,0,0,0,1,3,3,3,0,2,2,1,3,0,50,50,7,2,Yes
0,2,1,0,1,1,0,0,3,0,0,1,1,1,0,1,1,3,3,3,2,1,1,0,1,0,50,50,4,1,No
1,2,1,3,0,1,1,0,3,0,1,0,2,0,0,0,0,0,0,1,2,0,0,0,0,1,35,34,7,0,Maybe
0,4,1,1,1,1,1,0,1,2,0,1,0,0,0,1,1,3,3,3,2,1,1,0,2,1,3,2,1,2,No
0,1,1,3,2,2,2,2,3,0,1,0,2,0,1,0,1,3,0,0,2,2,2,1,0,1,50,50,5,0,Maybe
0,5,1,3,1,0,0,0,1,0,0,2,0,0,0,0,1,3,0,0,1,0,2,1,0,1,50,50,0,2,No
0,4,1,2,0,1,1,0,2,2,2,1,2,0,0,1,1,4,3,2,2,1,1,1,2,1,3,2,5,1,Yes
0,2,0,3,0,1,1,0,4,2,2,1,1,1,1,0,1,3,3,0,2,2,2,1,2,1,50,50,5,2,No
1,2,1,3,0,1,1,0,3,0,1,0,2,0,0,0,2,1,0,1,2,1,1,0,2,1,11,10,8,2,No
0,1,1,3,1,1,1,0,2,0,0,0,1,1,1,1,1,4,0,2,2,2,2,1,1,1,50,50,0,0,Yes
0,1,0,1,0,1,1,0,1,0,1,1,0,0,0,0,1,3,3,1,2,2,2,1,0,0,11,10,5,2,Maybe
1,2,1,3,0,1,1,0,3,0,1,0,2,0,0,0,0,3,0,1,2,0,1,0,2,1,40,39,11,0,Maybe
0,0,1,1,1,1,1,1,5,1,0,0,1,0,1,2,2,3,3,1,2,1,1,0,2,1,26,25,5,1,No
0,5,1,3,0,1,1,2,3,0,1,2,0,0,0,1,1,0,1,1,2,1,1,0,0,1,22,21,0,2,No
0,1,0,0,1,1,0,0,0,0,1,0,2,0,0,2,0,1,0,1,2,2,1,1,2,1,49,49,1,1,Maybe
0,4,1,2,0,1,1,0,2,1,1,0,2,1,0,2,0,3,1,1,2,1,1,0,2,1,49,49,0,1,No
1,2,1,3,0,1,1,0,3,0,1,0,2,0,0,1,1,4,1,2,2,2,2,1,0,0,49,49,7,0,Yes
0,4,1,0,0,1,1,2,1,0,1,2,1,0,0,1,1,0,1,1,2,1,1,0,2,1,50,50,5,2,No
0,5,0,0,0,1,0,0,1,0,0,1,1,2,0,0,0,0,3,1,2,1,1,0,1,1,49,49,11,1,No
0,4,1,0,0,1,1,0,5,1,1,0,0,0,0,0,0,1,1,1,2,2,0,0,0,1,35,34,5,0,Maybe
1,2,1,3,0,1,1,0,3,0,1,0,2,0,0,1,0,3,3,1,2,1,0,1,0,1,37,21,5,0,Yes
0,2,0,0,1,1,1,0,4,0,1,1,1,0,0,1,1,3,3,0,1,0,0,0,1,1,49,49,5,2,Maybe
0,2,0,3,1,1,1,0,4,0,1,1,1,1,0,0,1,3,3,0,2,2,2,1,0,0,49,49,5,1,Yes
1,2,1,3,0,1,1,0,3,0,1,0,2,0,0,0,0,1,1,1,2,1,1,1,0,1,9,8,7,2,Maybe
0,4,1,1,1,1,1,0,0,2,0,1,1,0,0,0,0,3,0,1,2,0,1,0,2,1,49,49,5,1,No
0,1,1,3,0,0,2,0,0,0,1,0,0,0,0,2,0,0,1,0,2,2,2,1,2,1,50,50,0,0,Yes
0,5,1,3,2,1,1,1,4,0,1,1,1,1,0,1,1,3,3,1,2,2,2,1,0,1,50,50,11,2,Yes
0,1,1,0,1,0,0,0,5,1,1,2,2,2,0,0,0,1,1,0,1,0,1,0,0,1,50,50,11,0,No
1,2,1,3,0,1,1,0,3,0,1,0,2,0,0,0,0,1,0,1,2,1,1,0,2,0,49,49,5,0,No
0,4,1,0,0,1,1,0,0,1,1,0,0,0,0,1,1,3,0,1,2,1,1,0,0,1,50,50,4,2,No
0,3,1,0,1,1,2,0,0,0,1,1,1,1,0,0,0,3,3,1,2,2,2,1,1,0,21,20,5,1,Yes
0,5,1,3,0,1,0,0,3,1,1,1,1,0,0,0,0,0,0,1,2,2,2,0,0,0,50,50,0,2,Yes
0,5,1,3,2,2,2,2,3,1,1,0,2,2,0,2,0,1,0,1,2,2,2,0,1,1,50,50,10,2,No
0,4,1,3,1,1,1,0,2,1,1,0,0,2,0,2,0,0,0,1,2,1,1,0,3,1,50,50,5,2,No
0,2,1,1,1,1,1,0,3,1,1,0,0,0,0,0,0,0,0,1,2,1,1,0,0,1,40,50,0,0,No
0,3,1,3,2,1,0,2,1,1,1,0,2,0,0,0,0,0,0,1,2,0,2,1,0,1,50,50,5,2,Yes
0,2,1,0,1,1,1,0,0,1,1,0,1,1,0,1,1,3,1,1,2,1,2,1,2,1,50,50,8,2,No
0,4,1,0,0,0,0,0,3,1,1,0,2,0,0,0,1,0,0,0,2,0,1,0,0,1,50,50,0,2,No
0,4,1,3,0,1,1,0,4,2,0,0,0,2,1,0,0,3,3,3,2,2,1,0,0,1,50,50,10,2,No
1,2,1,3,0,1,1,0,3,0,1,0,2,0,0,0,0,3,3,1,2,2,1,1,0,1,50,50,5,0,No
1,2,1,3,0,1,1,0,3,0,1,0,2,0,0,0,1,3,0,2,0,2,0,1,2,1,49,49,5,2,Maybe
0,2,0,1,1,1,1,1,4,2,2,1,1,1,0,1,1,3,3,3,0,0,0,0,1,1,39,38,0,1,Maybe
0,4,1,3,1,1,0,2,4,1,1,1,0,0,0,1,1,3,1,0,1,1,1,1,0,1,50,50,5,2,No
1,2,1,3,0,1,1,0,3,0,1,0,2,0,0,0,1,3,1,3,2,2,2,0,0,1,50,50,5,0,Yes
0,2,1,3,2,1,1,2,3,1,1,2,2,1,0,2,2,0,2,0,1,2,2,1,0,1,50,50,5,2,Yes
0,5,0,3,0,2,0,0,3,0,1,0,2,0,0,1,1,0,0,1,2,1,1,0,0,1,49,49,0,2,No
0,1,1,3,2,1,0,2,3,2,0,2,2,1,1,1,1,4,4,2,2,0,2,1,2,0,50,50,11,0,Yes
0,4,1,1,0,1,1,0,1,0,1,0,1,0,0,0,0,0,1,0,2,2,1,0,2,1,10,9,0,2,No
0,5,0,0,0,2,2,0,4,2,1,1,1,0,0,0,1,1,1,1,2,2,2,1,2,0,50,50,5,2,Yes
0,4,1,3,2,2,2,2,1,1,1,0,1,2,0,0,1,3,3,3,2,1,2,1,2,1,50,50,7,1,Yes
1,2,1,3,0,1,1,0,3,0,1,0,2,0,0,2,0,0,0,1,2,1,1,0,0,1,50,50,5,2,No
0,5,0,3,0,0,2,2,1,0,1,1,0,2,0,0,1,3,3,3,1,2,0,0,0,1,11,10,5,2,No
0,2,0,1,0,2,0,2,2,2,1,1,1,0,0,0,0,3,3,2,1,1,2,1,0,1,50,50,11,2,Yes
0,2,1,0,0,1,1,0,2,0,1,1,1,0,0,0,1,3,3,1,2,0,2,1,2,1,11,10,1,2,Yes
0,1,1,3,1,1,0,0,5,0,1,1,0,0,0,0,1,3,3,0,1,2,2,1,0,1,50,50,11,2,Maybe
0,4,1,3,0,1,0,0,3,0,1,2,2,2,0,0,0,0,0,1,2,2,2,1,3,1,50,50,3,2,Yes
1,2,1,3,0,1,1,0,3,0,1,0,2,0,0,0,1,3,3,0,1,2,2,1,3,0,50,50,7,2,Yes
0,5,1,3,0,2,1,2,4,2,1,2,1,1,1,0,1,3,2,3,2,0,2,1,0,0,11,10,10,2,No
0,4,1,0,0,0,2,2,5,1,1,0,0,2,0,0,0,1,1,1,2,1,1,0,0,1,11,10,5,2,No
0,4,1,0,1,0,0,0,5,1,1,2,2,2,0,2,0,0,1,0,1,1,1,0,0,1,50,50,5,2,No
0,1,1,0,1,1,1,0,3,0,1,2,0,0,0,0,1,0,1,1,2,1,0,0,0,1,11,10,5,2,No
0,1,1,0,0,1,1,0,0,0,1,0,2,0,0,1,1,0,1,1,2,2,2,1,0,0,50,50,5,2,Maybe
0,5,0,1,0,2,2,0,3,1,1,0,2,1,0,2,0,0,0,2,0,2,2,1,0,1,50,50,5,1,Maybe
0,5,0,0,0,2,2,2,5,1,1,2,2,2,0,1,1,3,0,1,2,0,1,0,1,1,50,50,0,2,No
0,4,1,0,1,1,0,0,5,1,1,0,2,0,0,1,1,0,4,1,2,2,2,1,0,1,50,50,0,1,Maybe
0,0,1,1,0,1,1,0,5,1,1,2,2,2,0,0,0,0,1,1,2,1,1,0,0,1,50,50,8,0,No
0,1,1,0,0,1,1,0,2,2,0,1,1,1,1,1,1,3,3,3,2,1,1,0,0,1,50,50,0,0,No
1,2,1,3,0,1,1,0,3,0,1,0,2,0,0,2,0,0,1,1,2,2,2,1,0,1,50,50,5,0,Yes
0,0,1,2,0,1,2,2,5,1,1,0,2,2,0,1,1,1,1,1,2,2,1,1,2,0,50,50,1,2,Yes
0,5,0,0,1,1,1,0,4,2,1,1,1,1,0,0,1,3,3,3,1,2,2,1,2,1,49,49,5,1,Yes
0,2,1,3,2,1,0,0,3,2,0,1,0,1,0,0,1,3,0,1,2,2,2,1,0,0,50,50,0,2,Yes
1,2,1,3,0,1,1,0,3,0,1,0,2,0,0,0,0,0,1,1,2,2,2,1,0,1,50,50,1,1,No
1,2,1,3,0,1,1,0,3,0,1,0,2,0,0,1,1,4,4,0,2,1,2,1,3,1,50,50,1,0,Yes
1,2,1,3,0,1,1,0,3,0,1,0,2,0,0,0,0,0,0,0,2,2,2,1,0,1,50,50,4,2,Yes
0,1,1,0,1,1,0,0,4,2,0,0,0,1,1,1,1,0,0,3,2,0,0,1,0,1,50,50,0,0,Maybe
0,4,1,0,0,1,1,0,3,0,1,0,0,0,0,0,1,4,0,2,2,1,2,1,2,0,22,21,5,0,No
0,5,1,1,1,1,1,0,0,1,1,0,0,0,0,0,1,3,3,1,2,1,1,0,0,1,50,50,5,0,Maybe
1,2,1,3,0,1,1,0,3,0,1,0,2,0,0,1,0,0,1,1,2,2,2,0,3,1,22,21,3,2,No
0,5,0,3,2,0,2,2,3,0,1,0,2,0,0,1,1,0,0,1,2,0,1,0,0,0,50,50,5,1,No
1,2,1,3,0,1,1,0,3,0,1,0,2,0,0,1,1,1,0,2,1,1,1,0,3,1,22,21,5,2,Maybe
0,4,1,2,0,1,0,0,3,1,1,0,2,2,0,1,1,0,0,3,2,0,0,0,0,0,37,36,11,0,Maybe
0,5,0,3,2,1,2,1,5,2,1,1,1,1,0,1,1,3,3,3,2,2,0,0,0,1,50,50,0,2,Maybe
0,2,1,0,1,1,0,0,2,0,0,1,1,1,0,0,0,0,0,3,2,2,2,1,1,1,50,50,5,2,No
0,5,1,0,1,1,0,0,3,1,1,0,2,2,0,2,2,1,1,1,2,1,1,0,2,1,50,50,5,2,Maybe
0,2,1,0,0,1,0,2,1,0,1,1,1,2,0,2,0,3,0,1,2,1,1,0,0,1,21,20,0,2,No
1,2,1,3,0,1,1,0,3,0,1,0,2,0,0,0,0,0,0,0,1,1,2,1,3,0,50,50,5,2,Yes
1,2,1,3,0,1,1,0,3,0,1,0,2,0,0,2,2,1,0,1,2,2,2,1,0,1,50,50,7,0,Maybe
1,2,1,3,0,1,1,0,3,0,1,0,2,0,0,2,0,0,1,1,2,0,0,1,1,0,50,50,7,2,No
1,2,1,3,0,1,1,0,3,0,1,0,2,0,0,2,1,3,3,1,2,0,2,1,0,1,50,50,4,2,Yes
0,2,0,0,0,2,1,0,3,1,1,2,2,2,0,2,2,4,2,2,2,1,2,1,3,1,50,50,10,2,Yes
0,3,0,0,1,1,2,2,1,1,1,2,2,0,0,2,0,3,0,0,1,0,0,1,2,1,50,50,0,2,Maybe
1,2,1,3,0,1,1,0,3,0,1,0,2,0,0,0,0,0,0,1,2,1,1,1,0,1,31,10,5,0,No
1,2,1,3,0,1,1,0,3,0,1,0,2,0,0,1,1,3,0,0,2,1,1,0,0,1,11,10,10,0,No
0,0,1,1,0,1,1,1,5,1,1,2,2,0,0,2,2,1,1,1,2,2,0,0,0,1,27,26,2,2,Maybe
1,2,1,3,0,1,1,0,3,0,1,0,2,0,0,0,1,0,1,1,2,0,2,1,0,1,46,45,5,2,Yes
0,5,0,2,0,1,2,0,1,0,1,1,0,1,0,2,0,3,3,0,0,2,0,1,3,1,47,46,5,1,No
1,2,1,3,0,1,1,0,3,0,1,0,2,0,0,0,0,1,0,3,1,2,2,1,0,1,47,46,1,2,Yes
1,2,1,3,0,1,1,0,3,0,1,0,2,0,0,1,1,1,1,3,2,1,1,0,0,0,49,49,7,0,No
0,5,0,3,2,1,0,0,2,2,0,0,0,1,0,0,0,3,3,0,0,0,2,1,0,1,50,50,2,1,Maybe
1,2,1,3,0,1,1,0,3,0,1,0,2,0,0,1,1,3,3,0,2,0,1,0,2,1,50,50,7,0,No
1,2,1,3,0,1,1,0,3,0,1,0,2,0,0,1,1,0,0,2,2,1,1,1,3,1,50,50,7,0,No
1,2,1,3,0,1,1,0,3,0,1,0,2,0,0,1,1,0,4,3,0,1,2,1,1,0,50,50,7,0,Yes
1,2,1,3,0,1,1,0,3,0,1,0,2,0,0,2,1,0,1,2,0,2,2,1,1,1,4,3,3,0,Yes
0,2,1,1,0,1,1,0,1,0,1,2,2,0,0,1,1,3,0,0,0,1,1,0,0,1,28,27,1,2,No
0,4,0,0,1,1,0,0,2,0,1,1,2,0,0,0,1,1,0,0,1,1,0,0,2,1,50,50,5,1,Maybe
0,4,1,0,1,1,2,2,0,1,1,1,2,2,1,1,1,4,1,1,2,2,2,0,1,0,50,50,8,0,Yes
0,3,0,2,0,0,0,0,4,2,0,1,1,1,0,1,1,3,3,0,2,1,0,0,0,1,44,43,5,1,No
1,2,1,3,0,1,1,0,3,0,1,0,2,0,0,0,0,0,1,1,2,1,0,0,1,0,50,50,5,0,Maybe
0,1,0,3,2,1,1,2,2,0,1,0,0,1,0,1,1,3,3,2,1,0,2,0,2,0,22,21,8,1,Yes
1,2,1,3,0,1,1,0,3,0,1,0,2,0,0,0,1,3,3,3,2,1,1,0,1,1,49,49,5,0,No
0,5,0,1,2,1,1,0,3,0,1,1,1,1,0,1,1,3,3,1,2,2,1,0,1,1,50,50,5,2,No
0,0,1,1,2,1,1,0,3,0,1,0,0,2,0,1,1,0,0,1,2,2,2,1,0,1,50,50,5,2,Maybe
1,2,1,3,0,1,1,0,3,0,1,0,2,0,0,1,1,1,1,1,2,1,2,1,0,0,50,50,4,1,Yes
0,4,1,1,0,1,1,0,3,1,1,1,1,0,0,0,1,0,0,1,2,2,2,1,0,1,11,10,1,1,Yes
1,2,1,3,0,1,1,0,3,0,1,0,2,0,0,0,0,0,0,0,1,1,1,1,0,0,50,50,5,0,Maybe
0,2,1,2,0,2,1,2,5,1,1,2,2,2,0,1,1,1,1,1,2,2,2,1,0,1,3,2,5,2,Yes
0,2,1,3,2,1,0,2,3,0,1,0,2,2,0,0,0,3,0,1,2,2,2,1,2,1,50,50,0,1,Yes
0,4,1,1,1,1,1,1,0,0,1,1,1,1,0,2,1,0,0,0,0,1,1,0,2,1,26,25,0,2,No
1,2,1,3,0,1,1,0,3,0,1,0,2,0,0,0,0,0,0,3,2,2,2,1,0,0,21,49,5,0,Maybe
0,4,1,1,0,2,1,2,5,1,1,0,0,0,0,1,1,0,1,0,0,1,1,0,0,1,21,20,4,0,No
1,2,1,3,0,1,1,0,3,0,1,0,2,0,0,0,0,0,0,1,2,2,2,1,2,1,49,49,5,0,Yes
1,2,1,3,0,1,1,0,3,0,1,0,2,0,0,0,1,0,0,3,0,1,0,0,0,1,49,49,0,2,No
1,2,1,3,0,1,1,0,3,0,1,0,2,0,0,1,1,3,3,0,1,1,0,0,0,1,49,49,7,0,Maybe
0,2,1,0,1,1,0,0,5,1,1,1,0,2,0,2,2,0,0,1,2,1,1,0,0,1,21,20,0,2,No
0,2,1,0,0,0,0,0,5,1,1,2,2,2,0,2,2,0,0,1,2,1,1,0,0,1,49,49,0,2,No
1,2,1,3,0,1,1,0,3,0,1,0,2,0,0,2,1,3,3,3,2,1,1,0,3,1,49,49,8,1,No
0,1,1,0,0,0,0,0,0,1,1,0,0,0,0,0,0,0,0,1,2,0,1,0,0,0,22,21,8,1,No
1,2,1,3,0,1,1,0,3,0,1,0,2,0,0,0,1,0,1,1,2,0,1,1,0,0,49,49,5,0,No
0,3,1,0,1,1,0,0,5,1,1,1,0,0,0,2,1,0,0,1,2,2,0,0,2,1,50,50,5,2,Maybe
0,4,1,1,0,2,1,0,3,1,1,0,2,0,0,2,0,3,0,1,2,0,2,0,0,1,22,21,0,2,No
0,0,1,1,2,1,1,1,3,0,1,0,0,0,0,2,0,0,0,3,0,2,2,1,2,2,50,50,5,0,Yes
0,4,1,3,2,2,2,1,5,0,1,0,2,1,0,2,0,0,0,1,2,2,1,0,0,1,22,21,5,2,No
0,5,1,0,1,0,0,0,3,2,0,1,1,0,0,0,1,0,0,1,2,1,1,0,0,1,50,50,5,2,Maybe
0,2,1,3,0,1,1,2,2,0,1,0,0,0,0,0,1,0,3,1,2,1,1,0,2,0,50,50,8,2,No
0,4,1,2,0,1,0,0,2,0,0,2,0,1,0,0,0,3,1,1,2,1,1,0,2,1,49,49,0,0,No
0,2,1,3,0,1,1,2,3,1,1,0,2,0,1,1,1,0,1,0,1,1,0,0,0,1,50,50,5,1,No
0,3,1,1,0,0,1,0,3,1,1,0,2,2,0,0,1,0,1,1,2,1,1,0,0,1,30,29,0,1,No
0,1,1,0,0,2,0,2,5,1,1,2,2,2,0,0,0,0,0,1,2,1,1,0,0,1,10,9,5,0,No
0,1,1,0,0,1,0,0,0,0,1,0,0,0,0,0,1,0,1,1,2,2,2,1,0,1,50,50,5,1,Yes
0,2,0,1,0,1,1,0,2,1,1,0,2,2,0,1,0,1,1,1,2,2,2,1,1,0,49,49,0,0,Yes
1,2,1,3,0,1,1,0,3,0,1,0,2,0,0,1,1,0,1,1,2,2,0,0,2,1,47,46,5,2,Maybe
0,2,1,3,1,1,1,0,3,0,1,1,1,0,0,1,1,3,3,0,2,2,2,1,2,1,50,50,5,0,Maybe
0,2,1,2,0,0,0,0,5,1,1,1,0,2,0,1,1,3,0,1,2,0,2,0,2,0,49,49,5,0,Yes
0,3,1,3,1,1,2,0,2,0,1,0,0,0,0,0,0,1,0,1,2,2,1,0,0,1,50,50,0,0,No
0,3,0,3,2,0,2,0,3,0,1,0,2,2,0,0,1,4,1,3,1,2,2,1,0,1,50,50,5,2,Yes
0,5,1,0,0,0,0,2,3,1,1,0,2,2,0,2,2,1,1,1,2,2,2,1,0,1,25,24,8,2,No
1,2,1,3,0,1,1,0,3,0,1,0,2,0,0,1,1,3,3,1,2,0,2,1,0,1,34,33,5,2,No
0,4,1,0,1,1,1,2,5,1,1,0,2,2,0,1,1,0,0,1,2,1,1,0,2,1,21,20,0,2,No
0,1,0,3,0,1,1,0,1,2,0,1,0,1,1,1,1,4,0,0,2,2,2,1,1,0,50,50,8,2,Maybe
1,2,1,3,0,1,1,0,3,0,1,0,2,0,0,0,0,0,0,1,2,1,2,1,0,1,50,50,0,0,Yes
0,2,1,0,0,1,1,0,2,0,1,1,0,0,0,1,1,0,0,1,2,2,2,1,2,1,50,50,5,1,Maybe
0,4,1,0,1,1,0,0,0,1,1,2,2,0,0,0,0,0,1,1,2,1,1,0,0,1,50,50,5,2,No
1,2,1,3,0,1,1,0,3,0,1,0,2,0,0,0,1,0,0,0,2,0,2,1,0,1,50,50,3,0,Maybe
0,5,0,3,1,2,2,2,3,0,1,1,0,2,0,1,1,0,1,3,2,2,2,0,0,1,50,50,8,1,Yes
0,5,1,3,2,2,2,2,5,1,1,0,2,0,0,2,0,0,0,1,2,2,2,1,2,1,50,50,0,1,Maybe
0,1,1,1,1,1,1,0,0,2,1,1,1,0,0,2,0,3,3,0,1,1,2,1,0,1,29,28,5,1,No
0,1,0,0,0,1,1,0,2,0,1,0,2,0,0,0,1,3,0,0,1,2,1,0,0,1,31,30,5,1,No
1,2,1,3,0,1,1,0,3,0,1,0,2,0,0,1,1,3,3,1,2,0,2,1,0,0,26,25,10,2,Maybe
0,5,0,3,1,0,0,0,0,0,0,1,1,0,0,1,1,3,3,1,2,0,1,0,0,1,50,50,0,1,No
0,2,1,3,0,2,2,2,1,0,1,0,2,0,0,1,1,0,0,1,2,1,0,0,0,1,50,50,0,2,No
0,5,0,3,0,1,2,2,5,1,1,0,0,0,0,1,1,0,1,3,1,1,1,0,0,1,50,50,10,1,No
0,1,0,0,1,1,0,2,3,1,1,2,0,1,0,2,1,0,0,3,0,1,1,0,0,1,50,50,0,2,Yes
1,2,1,3,0,1,1,0,3,0,1,0,2,0,0,0,1,3,3,1,2,2,2,1,1,0,50,50,5,0,Yes
0,3,0,3,0,1,1,0,5,1,1,2,0,1,0,0,1,1,1,1,2,1,2,1,1,1,50,50,10,0,No
0,4,0,3,1,1,0,0,0,0,1,1,0,0,0,0,1,3,0,1,2,1,1,0,0,1,50,50,5,0,No
0,2,0,3,1,1,1,1,2,2,1,0,2,1,0,2,1,0,0,1,2,2,0,0,3,1,50,50,5,1,Maybe
0,2,1,1,2,1,1,0,3,0,1,1,0,0,0,1,1,3,3,3,2,2,0,1,1,1,50,50,0,2,Maybe
0,1,0,3,2,1,1,2,2,1,1,2,2,2,0,0,1,3,2,1,2,2,2,1,0,1,50,50,0,2,Yes
0,2,0,3,0,1,2,2,1,0,0,2,2,0,0,2,2,0,1,2,2,2,2,1,0,1,50,50,0,2,Yes
0,2,1,1,0,1,1,0,5,1,1,2,2,1,0,2,2,0,0,1,2,2,2,1,0,1,49,49,10,2,Yes
0,5,1,3,2,1,2,0,0,2,0,1,1,0,1,1,1,4,0,0,1,0,0,1,0,0,50,50,5,1,Maybe
0,5,1,3,0,1,0,2,5,0,1,0,2,1,0,0,0,0,0,1,2,1,2,1,0,1,28,27,3,2,Yes
0,1,1,3,2,2,2,2,2,2,1,2,2,1,0,1,1,1,3,3,2,2,1,0,0,0,49,49,0,2,No
0,3,1,3,2,2,2,0,3,1,1,2,2,2,1,1,1,1,1,2,2,2,2,1,0,1,50,50,0,2,Yes
0,5,0,1,0,1,1,0,1,2,1,1,1,0,1,1,1,4,3,3,0,0,2,1,0,1,49,49,10,1,Yes
0,2,1,3,1,1,1,0,4,0,1,0,0,1,0,1,0,3,0,0,1,2,2,1,1,1,50,50,0,2,Yes
0,4,1,1,0,2,1,2,5,1,1,0,2,2,0,2,0,0,0,3,1,0,0,0,0,1,49,49,3,0,Maybe
0,1,0,0,0,1,1,0,4,2,1,1,1,0,0,1,1,3,3,1,2,2,2,1,0,1,50,50,0,2,Yes
0,1,1,3,2,1,1,0,4,2,2,1,1,1,0,1,1,3,3,0,1,1,2,1,0,1,50,50,10,2,Yes
0,1,0,3,2,2,2,2,0,0,1,1,0,2,0,0,0,1,1,1,2,1,1,0,0,0,50,50,5,0,No
0,1,1,0,0,2,1,2,0,0,1,0,1,0,1,1,1,3,0,3,2,0,2,1,0,1,50,50,5,2,Maybe
0,2,1,0,0,1,1,0,3,0,0,2,2,1,0,2,0,0,0,1,2,2,0,1,0,1,50,50,0,2,No
0,4,1,0,0,0,0,0,0,2,1,0,1,0,0,0,0,0,0,1,2,2,2,0,2,1,50,50,5,1,Yes
1,2,1,3,0,1,1,0,3,0,1,0,2,0,0,0,1,3,3,0,2,1,2,1,0,1,50,50,0,0,Maybe
0,2,0,0,1,1,0,0,1,0,1,0,2,0,0,2,0,1,1,1,2,0,1,1,2,1,50,50,3,1,No
0,1,1,3,2,0,2,2,1,1,1,2,2,2,0,0,0,1,1,1,2,1,0,1,0,1,50,50,5,0,Maybe
1,2,1,3,0,1,1,0,3,0,1,0,2,0,0,1,1,0,0,0,0,2,0,0,1,1,50,50,4,2,Maybe
0,1,1,1,0,1,2,0,0,2,1,2,2,1,1,1,1,3,3,3,1,1,0,0,0,1,10,9,5,0,Yes
0,0,1,1,1,1,1,0,3,0,1,1,0,0,0,2,2,3,1,1,2,1,1,0,1,1,47,46,5,2,No
1,2,1,3,0,1,1,0,3,0,1,0,2,0,0,2,2,0,0,1,2,0,2,1,2,1,50,50,0,2,Yes
0,3,1,0,1,1,0,0,1,0,1,2,2,2,0,2,1,3,1,3,0,2,2,1,0,0,50,50,5,2,Yes
0,5,1,3,0,2,2,0,2,1,1,1,0,2,0,2,0,0,1,3,2,2,0,0,0,1,50,50,5,2,Maybe
0,5,0,3,2,0,0,2,1,0,1,0,2,1,0,0,0,0,0,0,0,1,1,0,0,1,50,50,8,0,No
0,2,1,3,1,1,1,0,1,1,1,0,0,2,0,0,1,3,0,1,2,1,1,0,2,1,50,50,0,2,No
0,3,0,1,0,1,0,0,5,1,1,2,2,2,0,2,2,1,1,1,2,0,2,0,2,1,50,50,5,1,Maybe
0,5,1,3,1,0,0,0,0,0,1,0,0,0,0,0,1,0,0,0,2,0,1,0,0,1,50,50,0,0,No
0,1,1,0,1,1,0,2,2,0,1,1,1,1,0,2,1,3,3,1,2,2,0,0,0,1,50,50,10,1,Yes
0,1,1,3,0,1,0,2,5,1,1,2,2,2,0,2,2,0,1,3,1,2,2,1,0,1,50,50,1,0,Yes
0,2,0,3,1,1,1,0,3,0,1,2,2,0,0,2,2,0,0,0,1,2,2,1,0,1,8,7,0,1,Maybe
0,2,1,1,1,1,1,0,3,1,0,1,0,0,0,2,2,0,1,1,2,2,1,0,2,1,34,33,0,1,Yes
1,2,1,3,0,1,1,0,3,0,1,0,2,0,0,2,2,2,2,2,1,1,2,1,2,1,22,21,7,0,Yes
0,0,1,1,0,1,1,0,3,1,1,0,0,0,0,2,0,0,0,1,2,1,1,0,2,1,50,50,5,0,No
0,1,1,3,1,1,0,0,2,2,0,0,1,1,0,1,1,3,3,1,2,1,1,0,0,1,50,50,8,1,No
0,5,1,3,0,0,2,0,3,0,1,0,2,2,1,0,1,3,0,1,2,1,0,1,0,1,46,45,5,2,Maybe
0,1,1,3,2,1,0,2,5,0,0,1,1,0,0,1,1,0,0,0,1,1,2,1,0,2,50,50,5,2,Yes
1,2,1,3,0,1,1,0,3,0,1,0,2,0,0,2,2,0,0,3,1,1,2,1,0,1,49,49,7,0,Yes
0,2,1,3,2,0,0,0,1,1,1,0,0,1,0,2,1,0,0,2,1,0,2,1,0,1,50,50,5,2,Maybe
0,4,1,0,0,1,0,0,3,1,1,2,2,0,0,1,1,0,1,1,2,0,1,0,2,1,50,50,5,2,No
0,1,1,0,0,1,0,0,3,1,1,2,2,2,0,2,2,2,0,2,1,1,2,1,0,0,46,45,8,1,Maybe
0,1,1,1,0,1,1,0,1,0,0,1,0,0,0,1,1,3,0,1,2,2,1,0,0,0,50,50,5,1,No
1,2,1,3,0,1,1,0,3,0,1,0,2,0,0,2,1,3,0,1,2,2,0,1,0,1,50,50,5,2,Maybe
0,1,1,0,0,1,2,2,3,1,1,0,2,0,0,0,0,0,0,1,2,1,2,1,2,1,22,21,0,2,Maybe
0,3,1,3,2,2,2,2,3,0,1,0,0,0,0,2,1,0,0,1,2,0,0,1,0,0,49,49,0,2,No
0,5,1,3,2,1,2,2,1,0,1,1,0,1,0,0,1,3,0,3,1,2,2,1,1,0,50,50,5,1,Yes
0,5,1,3,0,1,2,0,2,0,0,1,1,1,0,2,1,3,3,3,0,0,2,1,1,1,50,50,2,1,No
0,1,1,0,0,0,0,0,5,1,1,2,2,0,0,0,0,0,0,1,2,2,1,0,0,1,46,45,0,2,No
0,5,0,3,2,2,2,0,3,0,1,0,0,0,0,2,0,0,3,1,2,2,2,1,0,1,50,50,5,2,Yes
0,5,0,3,2,2,2,0,1,0,0,2,2,2,0,2,2,0,0,3,1,1,1,0,1,0,49,49,10,2,No
0,1,1,0,1,1,0,0,2,2,0,0,0,0,0,1,1,3,0,1,2,1,1,0,1,1,49,49,5,2,No
1,2,1,3,0,1,1,0,3,0,1,0,2,0,0,0,0,0,0,3,0,2,2,0,1,1,50,50,7,2,Yes
0,5,1,2,1,1,0,0,4,2,0,1,0,1,1,0,0,4,3,3,2,2,0,1,2,1,50,50,11,1,Maybe
0,5,0,3,2,2,2,0,5,1,1,0,2,2,0,0,0,0,1,1,2,1,1,0,3,1,50,50,10,0,No
0,1,1,3,2,1,2,2,5,1,1,2,2,2,1,0,0,1,1,3,1,1,2,0,0,0,46,45,8,2,No
0,1,1,3,2,1,0,0,5,1,1,0,2,2,0,0,0,0,1,1,2,1,1,0,0,1,34,33,8,1,No
0,5,1,0,0,0,2,0,0,0,1,0,0,1,0,0,1,0,0,1,2,1,1,0,2,1,50,50,0,2,No
0,5,1,1,1,1,1,0,1,0,1,1,1,1,0,1,1,0,4,0,2,0,0,0,0,1,41,40,5,2,Maybe
0,4,1,3,2,2,2,2,5,1,1,2,2,2,0,2,1,2,2,2,1,2,2,0,1,1,49,49,4,2,Maybe
1,2,1,3,0,1,1,0,3,0,1,0,2,0,0,2,0,0,0,1,2,2,2,0,2,1,11,50,4,0,Yes
1,2,1,3,0,1,1,0,3,0,1,0,2,0,0,0,1,0,1,0,1,2,1,1,0,1,49,49,5,1,No
0,2,0,0,0,1,1,0,4,1,1,0,2,2,0,0,1,4,1,2,2,2,2,0,0,1,49,49,3,0,Yes
0,5,0,3,1,1,2,0,3,0,1,1,0,2,0,1,0,3,3,1,2,1,1,0,1,0,49,49,10,1,No
0,2,0,1,0,1,1,0,2,0,0,0,0,0,0,1,1,3,0,3,0,0,2,1,0,0,49,49,0,2,Yes
0,1,0,3,2,1,2,2,0,2,1,0,2,0,0,0,0,3,0,1,2,1,1,0,0,0,50,50,5,2,No
1,2,1,3,0,1,1,0,3,0,1,0,2,0,0,0,1,0,0,1,2,1,1,0,0,0,28,27,4,0,No
0,5,1,1,0,1,0,0,4,2,1,1,1,1,1,0,1,3,3,3,2,2,2,1,0,1,35,34,8,1,Yes
0,5,0,3,0,0,2,0,3,0,1,2,0,0,0,0,1,0,0,3,2,1,2,1,0,1,50,50,10,0,Maybe
0,1,1,2,0,1,1,0,1,0,0,0,0,0,0,0,1,3,3,0,1,2,2,1,0,0,3,2,1,2,Yes
0,5,1,3,0,1,0,0,4,2,0,0,0,1,0,1,1,3,3,2,2,2,1,1,1,1,50,50,3,0,Yes
1,2,1,3,0,1,1,0,3,0,1,0,2,0,0,0,0,0,0,1,2,1,0,0,1,1,35,34,5,0,No
0,1,1,0,0,1,0,0,3,0,1,0,0,0,0,0,0,0,1,1,2,2,1,0,2,1,50,50,10,2,No
0,2,1,0,1,1,0,0,1,0,0,1,1,0,0,0,1,0,0,1,2,2,2,1,2,1,50,50,5,2,No
1,2,1,3,0,1,1,0,3,0,1,0,2,0,0,2,0,3,0,0,2,1,2,1,3,1,3,2,7,0,No
0,2,1,1,1,1,1,1,4,2,1,1,1,1,0,0,1,3,3,2,1,2,2,1,2,1,18,17,5,2,Yes
0,1,1,1,0,1,1,1,0,2,0,1,1,1,0,1,1,4,0,3,2,1,0,0,1,1,44,43,3,2,Maybe
0,5,0,3,2,1,2,0,3,0,1,2,2,1,1,0,0,0,0,1,2,1,1,0,0,1,50,50,5,2,No
0,1,1,1,0,1,1,0,4,0,1,2,1,0,0,2,1,0,0,0,0,2,1,0,1,1,46,45,0,1,No
0,2,1,0,1,1,0,0,2,2,1,0,2,1,0,2,1,3,3,1,2,2,2,0,0,1,49,49,10,1,Yes
1,2,1,3,0,1,1,0,3,0,1,0,2,0,0,0,1,3,3,0,1,1,1,0,0,1,3,2,7,2,No
0,2,1,1,0,1,1,0,4,2,1,1,1,1,0,0,1,3,3,0,0,2,2,1,2,0,49,49,0,1,Yes
1,2,1,3,0,1,1,0,3,0,1,0,2,0,0,2,1,3,3,0,1,2,2,1,3,0,50,50,8,2,Yes
0,5,0,0,0,1,1,0,5,1,1,1,1,2,0,0,0,3,3,3,2,2,1,0,0,1,30,29,3,1,No
0,5,1,1,1,1,1,0,0,0,0,2,0,2,0,1,1,0,0,1,2,0,2,1,1,1,22,21,0,2,No
0,2,1,3,0,1,1,0,0,0,1,0,0,1,0,0,0,1,1,1,2,1,0,0,0,1,49,49,5,2,No
0,3,1,3,0,2,2,2,3,0,0,0,2,2,0,0,1,0,0,0,0,2,2,1,1,1,3,2,10,2,No
1,2,1,3,0,1,1,0,3,0,1,0,2,0,0,1,1,0,0,1,2,0,2,1,0,1,34,33,10,1,Yes
0,0,1,2,0,1,0,1,3,1,1,2,2,2,0,1,1,3,0,3,2,2,1,0,0,0,3,2,5,0,No
0,1,1,3,0,1,2,0,2,0,0,1,0,1,0,0,1,3,0,0,1,1,2,1,2,1,50,50,3,2,Yes
0,5,1,2,0,2,2,0,2,2,1,1,1,1,0,1,1,3,3,1,2,2,2,1,2,1,3,2,5,2,Yes
1,2,1,3,0,1,1,0,3,0,1,0,2,0,0,0,1,3,3,1,2,2,2,1,2,1,11,10,0,2,Yes
0,5,0,3,1,1,2,2,0,2,2,1,1,0,0,1,1,3,3,1,2,1,2,1,2,1,50,50,3,1,Yes
1,2,1,3,0,1,1,0,3,0,1,0,2,0,0,0,0,0,0,3,0,1,1,0,0,1,22,21,5,2,Maybe
0,4,1,1,0,1,1,0,0,0,1,0,0,1,0,2,1,0,0,1,2,1,2,0,2,1,49,49,5,1,Maybe
0,1,1,2,0,2,1,0,2,0,1,1,1,0,0,1,1,4,0,2,2,2,2,1,0,2,47,46,0,1,Yes
0,2,1,0,0,1,1,2,3,1,1,0,0,2,0,1,1,0,0,1,2,1,0,0,0,1,22,21,5,2,Maybe
0,5,1,3,1,2,1,2,3,0,1,2,2,2,0,1,1,3,3,1,2,1,1,1,0,1,50,50,8,2,No
0,5,1,1,1,2,1,0,5,0,1,1,0,2,0,0,1,3,4,1,2,1,2,1,0,1,3,2,0,2,Yes
1,2,1,3,0,1,1,0,3,0,1,0,2,0,0,0,1,0,0,0,0,2,2,1,3,1,50,50,7,2,Yes
0,5,1,3,0,1,0,1,2,2,2,0,1,1,0,1,1,4,4,2,0,2,2,1,1,1,50,50,2,2,Maybe
0,5,1,3,0,2,2,2,5,1,1,0,2,0,0,0,0,0,1,3,1,0,2,1,1,1,3,2,0,2,Yes
0,2,1,1,0,1,1,0,1,0,1,0,2,2,0,2,2,3,0,3,1,1,0,1,0,1,10,9,10,2,No
0,5,1,3,2,1,2,2,4,2,2,2,1,1,0,2,1,3,1,1,2,1,2,1,3,1,11,10,5,2,No
0,1,1,0,0,0,0,1,0,1,1,1,0,2,0,1,1,0,1,0,1,2,2,1,1,1,50,50,5,1,Yes
0,1,1,3,1,1,2,0,4,2,0,1,1,1,0,0,1,3,3,1,2,0,1,1,1,1,50,50,1,2,Maybe
0,5,0,2,0,2,2,2,0,2,0,1,0,0,0,1,1,3,3,3,2,2,2,1,3,1,50,50,0,2,No
1,2,1,3,0,1,1,0,3,0,1,0,2,0,0,2,0,1,1,1,2,0,2,1,0,1,21,49,7,0,Maybe
0,5,1,3,2,1,1,2,0,0,1,0,0,1,0,1,1,0,1,1,2,1,2,0,1,1,35,34,0,0,No
1,2,1,3,0,1,1,0,3,0,1,0,2,0,0,2,0,0,0,0,2,0,2,1,0,1,34,33,5,0,Maybe
0,1,1,2,0,2,0,0,3,1,1,0,0,2,0,2,0,0,0,0,2,0,1,1,0,1,47,46,5,2,Maybe
1,2,1,3,0,1,1,0,3,0,1,0,2,0,0,0,1,3,3,3,2,2,0,1,2,2,50,50,3,2,Maybe
0,1,1,1,0,1,1,0,3,0,1,1,0,1,1,0,1,3,0,3,2,2,2,1,1,1,3,2,4,2,Maybe
0,5,1,3,1,1,0,0,4,0,1,0,0,0,0,0,1,4,3,0,0,2,2,1,0,1,50,50,0,2,Yes
0,4,0,1,0,1,1,0,2,0,2,1,1,1,0,2,0,3,1,1,2,2,1,0,2,1,8,7,5,0,Yes
0,2,1,3,2,2,0,0,3,0,1,1,0,2,0,0,1,3,3,2,2,2,2,1,0,0,50,50,5,2,Yes
0,2,1,1,0,1,1,0,0,2,0,1,1,1,0,1,1,3,3,3,1,0,1,0,0,0,10,9,0,2,Maybe
1,2,1,3,0,1,1,0,3,0,1,0,2,0,0,1,1,3,3,3,1,2,2,1,2,1,40,39,0,0,Yes
0,3,0,0,1,1,0,0,3,0,0,1,0,1,0,0,0,1,1,1,2,2,1,0,2,0,50,50,5,2,No
1,2,1,3,0,1,1,0,3,0,1,0,2,0,0,1,1,3,3,0,2,0,0,1,1,1,50,50,5,0,Maybe
0,0,1,2,0,0,0,0,5,1,1,2,2,2,0,0,1,1,2,1,2,2,2,1,2,0,50,50,0,0,Yes
1,2,1,3,0,1,1,0,3,0,1,0,2,0,0,2,0,0,0,0,1,1,2,1,1,1,50,50,5,2,Yes
1,2,1,3,0,1,1,0,3,0,1,0,2,0,0,1,1,4,3,0,2,2,0,1,0,1,50,50,4,1,Maybe
0,3,1,3,2,1,2,0,4,2,0,1,1,1,0,1,1,3,3,1,2,0,2,1,0,0,50,50,8,2,Maybe
0,2,1,3,0,1,1,0,4,2,2,1,1,1,1,1,1,3,3,0,2,2,2,1,2,0,50,50,2,2,Yes
0,5,0,3,0,0,2,0,3,1,1,0,2,1,0,0,0,3,0,3,1,2,2,1,1,1,50,50,8,2,Yes
1,2,1,3,0,1,1,0,3,0,1,0,2,0,0,0,0,3,3,2,2,2,2,0,2,1,50,50,5,2,Maybe
0,5,1,2,0,1,1,0,1,0,0,1,2,0,0,1,1,3,0,3,2,2,2,0,0,1,3,2,0,2,No
0,5,0,3,0,2,0,0,1,0,1,2,0,0,0,2,1,0,0,0,0,0,2,1,1,1,49,49,5,2,Yes
0,0,1,2,1,1,1,1,2,2,1,0,0,2,0,1,1,0,0,1,2,2,2,0,0,1,49,49,4,2,No
1,2,1,3,0,1,1,0,3,0,1,0,2,0,0,2,1,3,3,1,2,1,1,0,0,1,49,49,1,2,No
1,2,1,3,0,1,1,0,3,0,1,0,2,0,0,0,0,0,0,1,2,2,2,1,0,0,22,49,1,2,No
0,1,1,0,0,1,1,0,1,0,0,1,0,0,0,0,1,3,3,0,0,0,0,1,1,1,46,45,5,2,Maybe
0,5,0,3,0,0,2,2,1,2,0,1,1,2,0,2,1,3,0,1,2,2,2,1,0,1,50,50,5,1,Yes
0,5,0,0,0,2,2,0,5,1,1,0,2,2,0,1,1,1,1,1,2,1,1,0,0,0,49,49,11,1,No
1,2,1,3,0,1,1,0,3,0,1,0,2,0,0,0,0,0,0,0,2,2,2,1,0,2,50,50,8,2,Yes
0,1,1,3,0,1,2,2,4,2,2,0,1,0,0,1,1,4,4,0,1,2,2,1,0,1,50,50,3,2,Yes
1,2,1,3,0,1,1,0,3,0,1,0,2,0,0,0,0,3,3,0,0,1,1,0,0,1,50,50,5,2,No
0,0,1,1,0,1,1,2,2,1,1,1,1,0,0,1,1,3,3,0,2,1,1,0,2,1,11,10,5,1,No
0,2,1,3,0,1,1,2,3,0,1,1,1,0,0,0,1,0,0,0,1,0,1,0,2,1,11,10,8,0,Yes
1,2,1,3,0,1,1,0,3,0,1,0,2,0,0,2,1,3,3,1,2,2,2,1,0,0,50,50,5,0,Yes
1,2,1,3,0,1,1,0,3,0,1,0,2,0,0,0,0,0,0,1,2,0,1,1,0,1,11,10,5,0,No
0,4,1,1,0,1,1,0,5,1,1,2,2,2,0,2,0,0,0,1,2,1,1,0,1,0,50,50,5,2,No
0,4,1,1,0,1,1,0,2,0,1,0,1,0,0,1,1,3,1,1,2,0,1,0,2,1,7,6,0,1,Maybe
0,4,0,1,1,1,1,0,4,0,1,0,0,0,0,2,0,0,0,3,1,1,0,0,0,1,49,49,5,2,Maybe
0,5,1,1,0,2,2,2,3,2,2,1,1,2,0,1,1,3,3,0,2,1,1,0,0,1,22,21,5,1,No
0,2,1,0,1,1,0,0,3,1,1,2,2,0,0,2,2,0,0,1,2,1,1,0,2,1,50,50,0,2,No
0,1,1,0,2,1,1,0,1,0,1,0,1,1,0,2,0,0,0,0,0,2,2,1,1,1,50,50,0,2,Yes
0,4,1,1,0,1,1,0,5,1,1,0,2,0,0,2,0,1,0,1,2,1,1,0,2,1,34,33,5,1,No
0,1,1,2,0,1,1,2,1,0,1,0,0,0,0,0,1,1,0,1,2,0,2,1,0,1,46,45,5,2,Maybe
0,1,0,1,1,2,1,2,2,2,0,2,2,1,1,0,0,0,0,2,0,1,1,1,3,0,50,50,0,2,No
0,1,0,0,0,2,2,0,5,0,1,1,2,2,0,0,0,0,1,1,2,2,2,1,2,1,34,33,0,2,Yes
0,4,1,1,2,1,1,1,1,2,0,1,1,1,1,1,1,3,3,3,2,2,2,1,1,1,50,50,8,2,Yes
0,1,0,0,0,1,1,0,2,2,1,1,0,0,0,2,0,3,3,1,2,0,1,0,2,1,7,6,10,1,Maybe
0,1,0,3,2,2,2,2,5,1,0,0,2,1,1,1,1,0,0,1,2,2,2,1,3,1,50,50,10,1,No
0,5,1,3,2,1,0,0,2,2,0,1,1,0,0,1,1,4,4,0,2,1,2,1,2,1,50,50,0,1,Yes
0,2,1,3,2,1,1,0,1,2,0,0,1,1,0,0,0,0,1,0,1,2,0,0,2,1,50,50,5,1,Maybe
1,2,1,3,0,1,1,0,3,0,1,0,2,0,0,0,1,3,0,0,0,0,2,1,0,0,50,50,4,0,Maybe
0,2,1,3,2,1,1,0,0,2,1,1,1,0,0,1,1,0,3,1,2,2,2,1,0,0,50,50,1,2,Yes
0,4,1,3,1,1,1,2,4,2,0,1,1,0,0,1,1,3,3,1,2,1,1,0,3,1,50,50,4,0,No
0,5,0,3,2,1,0,0,3,1,1,0,2,2,0,1,1,4,0,0,1,2,2,1,0,1,50,50,5,1,Yes
0,4,1,1,0,1,1,0,2,0,1,1,0,0,0,0,1,0,0,3,2,2,2,1,2,0,50,50,8,2,Yes
0,1,0,0,1,0,2,2,0,2,0,1,1,0,0,1,1,3,3,0,0,2,0,0,0,1,50,50,3,2,Maybe
0,0,1,3,1,1,1,0,4,0,1,2,0,2,0,2,1,3,3,0,2,2,2,0,0,1,20,19,0,2,No
0,4,1,3,2,1,1,2,0,0,1,1,0,0,0,2,1,0,0,1,2,2,0,0,0,1,50,50,5,2,Maybe
0,1,1,0,0,1,0,0,2,0,1,0,0,0,0,0,1,3,0,3,2,2,2,1,2,0,50,50,0,2,Yes
0,2,1,3,2,1,1,2,1,0,1,2,2,1,0,1,1,3,3,3,0,2,2,1,1,1,50,50,8,2,Yes
0,5,0,3,2,1,2,2,3,0,0,2,2,2,0,0,1,0,0,0,1,2,2,1,2,0,50,50,5,2,Yes
0,5,0,3,2,2,2,0,1,0,1,2,0,1,0,2,1,3,0,2,1,2,2,1,0,1,50,50,11,1,Yes
0,5,0,3,2,2,2,0,0,2,0,1,1,0,0,0,1,3,3,0,1,2,2,1,1,0,50,50,5,2,Maybe
0,5,0,2,0,1,0,0,4,2,0,1,1,1,0,1,1,4,0,2,2,2,2,1,0,0,50,50,5,2,Yes
1,2,1,3,0,1,1,0,3,0,1,0,2,0,0,1,1,3,3,0,1,2,0,1,1,1,28,27,10,1,Yes
0,5,1,0,1,1,1,0,0,0,1,2,2,1,0,2,2,3,0,0,1,1,1,0,0,1,50,50,0,2,No
1,2,1,3,0,1,1,0,3,0,1,0,2,0,0,0,1,4,4,3,2,2,2,1,2,2,50,50,5,0,Yes
0,0,1,2,0,1,1,0,2,0,1,0,0,1,0,0,1,0,0,0,2,1,2,1,2,1,4,3,5,1,Maybe
0,1,1,3,2,1,1,0,5,1,1,2,2,2,0,0,0,2,2,1,2,2,2,1,0,1,50,50,2,1,Yes
0,2,1,0,0,1,0,0,3,1,1,2,2,0,0,1,1,0,0,1,2,0,2,1,1,1,50,50,0,0,No
0,2,1,3,0,1,0,0,5,0,1,2,2,0,0,0,0,0,0,0,1,0,0,1,0,1,50,50,5,0,Yes
0,2,1,3,1,1,1,0,5,0,1,0,0,2,0,1,1,3,3,3,2,1,1,0,0,1,50,50,5,2,Maybe
0,2,1,0,0,1,2,0,5,0,1,2,2,2,0,0,0,0,0,1,2,1,1,0,2,1,50,50,5,0,No
0,2,1,0,1,1,0,0,2,0,0,1,1,0,0,1,1,3,3,0,2,1,1,0,1,1,50,50,0,0,No
0,2,1,0,1,1,1,2,5,0,1,0,0,0,0,1,1,0,0,1,2,2,1,0,2,1,50,50,0,2,No
0,2,1,3,1,1,2,2,5,1,1,2,2,2,0,1,1,1,1,1,2,1,1,0,1,0,50,50,8,2,No
0,1,1,0,1,1,1,2,5,1,1,2,2,2,0,0,0,1,0,0,2,1,1,0,0,1,50,50,0,0,No
0,2,1,0,1,1,0,2,0,0,0,1,1,0,0,1,1,3,0,1,2,1,1,0,0,1,50,50,0,0,No
0,2,1,0,1,1,1,0,5,1,1,2,2,2,0,2,0,0,0,0,1,1,1,0,2,1,50,50,0,2,No
0,2,1,3,0,1,1,2,3,1,1,0,0,0,0,2,0,1,0,0,1,2,2,1,0,1,50,50,0,2,Yes
0,4,1,0,0,1,1,0,2,2,1,1,1,0,0,1,1,3,3,1,2,0,1,0,0,0,50,50,5,1,No
0,2,1,3,1,1,0,0,5,0,1,0,2,2,0,1,1,0,0,0,1,2,0,0,1,1,50,50,5,0,No
0,2,1,3,0,1,1,0,4,0,1,1,1,0,0,0,1,3,0,1,2,2,2,1,0,1,50,50,8,0,Yes
0,5,0,0,1,0,2,0,0,2,0,1,1,0,0,1,1,3,3,1,2,0,0,1,0,0,50,50,5,2,No
0,2,1,3,1,0,2,2,3,1,1,0,2,2,0,1,1,0,1,3,2,1,1,0,0,1,50,50,0,0,Maybe
0,0,1,0,0,2,0,2,5,1,1,2,2,2,0,2,0,0,1,1,2,0,0,1,2,1,50,50,0,2,Maybe
0,3,0,1,1,1,1,1,1,2,0,1,1,0,0,1,1,3,3,3,2,2,1,0,2,1,50,50,10,2,No
0,1,1,0,1,1,0,0,5,1,1,0,0,2,0,2,2,1,1,1,2,1,1,0,0,1,50,50,5,0,No
0,5,0,3,2,1,0,0,4,0,1,0,0,1,0,1,1,3,3,2,2,2,2,1,0,0,50,50,10,2,Yes
0,5,1,1,0,1,1,0,5,0,0,1,1,1,0,1,1,3,3,1,2,2,2,1,2,1,8,7,8,1,Yes
0,4,1,1,0,1,1,2,5,1,1,2,2,2,0,2,2,4,1,2,1,2,2,1,0,1,35,34,2,2,Yes
0,2,1,3,2,2,2,2,4,2,0,1,1,1,0,1,1,3,0,0,2,0,0,1,2,0,50,50,5,1,Maybe
0,5,0,3,2,2,2,2,3,1,1,2,2,2,0,2,0,1,1,1,2,2,2,1,0,0,50,50,8,2,Yes
0,5,1,2,0,1,0,0,4,2,2,1,1,1,1,1,1,3,3,3,2,2,2,1,3,0,50,50,8,2,Yes
0,5,0,0,1,1,1,0,4,0,1,1,1,1,0,1,1,3,3,0,1,2,2,1,1,1,28,27,4,2,No
0,5,1,3,2,1,2,0,4,2,1,1,1,1,0,0,1,3,3,2,2,2,2,1,1,1,50,50,5,1,Yes
0,5,1,0,1,1,0,2,1,0,1,1,0,1,0,0,1,3,3,0,2,1,2,1,0,1,50,50,0,1,No
0,2,1,0,1,1,1,2,5,1,1,0,2,2,0,0,0,0,1,3,1,1,1,0,1,1,49,49,5,2,No
1,2,1,3,0,1,1,0,3,0,1,0,2,0,0,0,0,1,1,1,2,1,2,0,0,1,28,27,0,2,Yes
1,2,1,3,0,1,1,0,3,0,1,0,2,0,0,0,1,3,3,3,2,1,2,1,0,1,50,50,0,0,No
0,5,0,2,0,2,1,0,5,1,1,1,1,2,0,1,1,1,0,1,2,0,1,1,2,2,46,45,7,2,Yes
0,5,0,3,2,1,1,0,4,0,0,0,0,1,0,1,1,0,0,0,0,2,2,1,0,1,50,50,5,2,Yes
0,0,1,0,1,1,1,2,3,1,1,2,2,2,0,2,0,1,2,1,2,2,1,0,2,1,20,19,5,1,Maybe
0,5,1,3,0,1,2,2,3,0,0,0,2,0,0,1,1,3,3,1,2,2,1,0,1,1,22,21,2,2,Maybe
0,2,1,3,2,1,1,0,4,2,2,0,0,2,0,0,0,0,4,2,1,0,2,1,0,0,50,50,0,0,Yes
0,1,1,2,0,0,0,0,5,1,1,1,0,2,0,0,1,3,0,1,2,1,1,0,1,1,30,50,5,1,No
1,2,1,3,0,1,1,0,3,0,1,0,2,0,0,0,2,3,3,3,2,2,2,1,2,1,50,50,7,2,Yes
0,1,1,1,1,1,1,0,2,2,0,1,1,0,0,0,1,3,3,2,2,2,2,1,2,0,50,50,0,1,Yes
0,1,1,3,2,2,2,2,3,0,1,0,1,0,0,1,1,3,0,3,2,0,2,1,2,0,50,50,5,2,Yes
0,5,0,1,0,1,1,0,3,1,1,2,0,2,0,0,1,1,1,0,1,2,2,1,0,1,22,21,7,1,No
0,4,1,0,0,1,1,1,4,2,1,0,1,1,0,2,0,3,1,1,2,0,2,1,2,1,34,33,0,1,Maybe
0,5,1,3,1,1,0,0,1,1,1,2,0,1,0,0,0,2,2,1,2,1,1,1,0,1,50,50,2,0,Yes
0,2,1,3,2,1,1,0,2,2,1,1,1,1,0,1,1,3,0,0,2,2,2,1,1,1,50,50,5,2,Yes
0,5,0,3,1,2,2,0,5,1,1,2,2,2,0,0,0,0,2,1,2,2,2,1,1,1,50,50,3,2,Yes
0,5,0,1,1,1,1,0,5,1,1,0,2,0,0,2,0,0,1,1,2,1,1,0,1,1,30,45,0,0,No
1,2,1,3,0,1,1,0,3,0,1,0,2,0,0,2,1,0,0,3,2,2,2,1,2,1,50,50,7,0,Yes
0,2,1,1,1,1,1,0,2,2,0,1,0,0,0,0,1,3,3,1,2,2,1,0,2,1,11,10,5,1,No
0,4,0,0,0,1,1,0,4,2,1,0,0,1,0,2,0,3,3,0,1,1,1,0,0,1,50,50,5,1,Maybe
0,0,1,1,0,1,1,0,4,1,0,0,2,0,0,1,1,3,3,0,2,2,1,0,1,0,50,50,8,2,No
0,2,1,3,2,1,1,0,0,0,1,1,0,0,0,2,1,3,3,2,2,1,2,1,0,0,50,50,5,2,Yes
0,2,0,3,1,1,2,0,2,0,0,0,2,0,0,0,1,0,3,0,2,2,2,1,0,0,50,50,5,2,Yes
1,2,1,3,0,1,1,0,3,0,1,0,2,0,0,1,1,3,0,0,0,2,2,1,2,0,50,50,0,2,Yes
0,4,1,0,1,2,1,2,2,2,2,1,1,1,1,0,1,3,0,3,2,2,2,1,2,0,50,50,5,1,Yes
0,1,0,0,2,2,2,0,2,2,0,1,2,2,0,0,1,3,3,1,2,2,2,1,1,1,28,27,5,2,No
0,4,1,0,0,1,0,0,1,0,1,1,1,1,0,0,1,1,1,1,2,0,2,0,0,1,50,50,5,1,Yes
0,4,1,0,1,1,0,0,2,0,1,1,0,0,0,0,0,0,3,1,2,2,1,0,0,1,50,50,3,1,No
0,1,1,0,0,1,1,0,3,0,0,0,1,1,0,0,1,3,0,0,2,1,0,0,0,1,50,50,5,1,Maybe
0,4,1,1,1,1,1,0,5,1,1,0,0,2,0,0,0,1,1,1,2,2,2,1,0,1,49,49,10,0,No
0,2,1,3,1,1,0,0,4,0,1,1,1,0,0,0,0,0,0,1,2,2,2,1,2,0,50,50,5,1,Yes
0,2,0,0,1,2,2,0,2,0,1,0,1,2,0,0,0,0,0,1,2,2,1,0,2,1,20,19,0,2,No
0,5,1,3,2,0,0,1,3,1,1,2,2,2,0,1,1,0,0,1,2,2,2,1,0,1,50,50,5,2,Yes
0,1,1,3,1,1,0,2,3,1,1,0,2,2,0,2,0,1,0,1,2,1,1,0,0,1,50,50,10,0,No
0,4,0,0,0,1,1,0,2,0,1,0,0,0,0,0,1,3,3,0,0,0,0,0,0,1,50,50,1,1,Maybe
0,2,0,0,0,1,0,0,2,0,1,1,0,0,0,2,1,3,0,1,2,2,2,1,2,0,50,50,5,1,Yes
0,3,1,3,2,0,0,0,2,0,1,0,0,0,0,0,1,4,0,2,0,2,2,1,0,0,50,50,5,2,Yes
0,2,1,0,1,1,1,0,1,1,1,1,1,1,0,1,1,3,0,3,0,1,2,0,0,0,49,49,5,1,Maybe
1,2,1,3,0,1,1,0,3,0,1,0,2,0,0,1,1,0,0,3,1,0,1,0,0,1,49,49,0,2,No
0,2,1,0,1,1,0,0,0,0,1,1,0,0,0,0,1,3,0,1,2,2,0,0,2,1,50,50,5,0,Maybe
0,1,1,3,0,0,2,1,3,0,0,0,1,0,1,1,1,4,0,3,2,1,2,1,2,0,49,49,0,0,No
0,2,1,0,1,1,0,0,2,1,1,0,0,0,0,0,1,0,1,0,1,1,2,1,2,1,50,50,0,1,Yes
1,2,1,3,0,1,1,0,3,0,1,0,2,0,0,1,1,3,3,2,2,2,0,0,0,0,11,10,5,0,Maybe
1,2,1,3,0,1,1,0,3,0,1,0,2,0,0,0,0,3,0,0,1,2,2,1,1,0,50,50,5,0,Yes
0,5,0,0,1,2,2,0,3,0,0,1,1,2,0,1,1,3,3,1,2,1,1,0,0,1,50,50,5,2,No
1,2,1,3,0,1,1,0,3,0,1,0,2,0,0,0,0,0,0,1,2,1,1,0,1,1,13,12,10,2,No
0,3,1,3,2,1,0,2,1,0,0,0,1,1,0,1,1,3,0,3,2,0,2,1,2,1,50,50,5,2,Yes
1,2,1,3,0,1,1,0,3,0,1,0,2,0,0,1,1,4,0,1,2,0,1,1,0,1,50,50,4,0,Yes
1,2,1,3,0,1,1,0,3,0,1,0,2,0,0,0,1,3,3,3,2,2,0,1,0,0,49,49,4,2,No
0,2,1,3,2,1,1,2,1,1,1,2,2,0,0,0,1,1,1,1,2,0,2,1,3,1,50,50,0,0,Yes
0,4,1,1,0,1,1,0,1,0,1,1,0,2,0,2,1,3,0,1,2,2,0,1,2,1,22,21,0,2,Maybe
0,2,1,0,0,0,0,0,1,1,0,2,2,2,0,2,2,1,1,1,2,1,2,1,1,1,49,49,0,2,Yes
0,5,0,3,2,0,2,2,1,1,1,2,2,0,0,1,1,1,1,0,2,0,2,1,3,0,50,50,0,1,Yes
0,2,1,3,2,2,2,2,2,1,1,0,0,0,0,1,1,2,0,1,2,2,0,1,1,1,50,50,5,0,Yes
0,2,1,3,2,1,0,0,5,0,1,0,0,2,0,1,1,4,0,0,2,2,2,1,0,1,50,50,0,2,Yes
0,4,1,3,1,1,1,0,3,1,1,0,0,2,0,1,0,0,1,3,1,2,2,1,0,0,50,50,5,0,Yes
0,2,1,1,0,1,1,0,4,2,2,1,1,1,0,1,1,4,3,3,2,0,2,0,0,1,50,50,0,1,Yes
1,2,1,3,0,1,1,0,3,0,1,0,2,0,0,2,0,3,0,0,1,2,2,1,1,1,49,49,7,2,Yes
0,3,1,2,1,2,1,0,3,0,0,0,2,0,0,1,1,0,0,1,2,1,1,0,1,1,28,27,0,0,Maybe
0,1,0,3,2,1,1,2,5,1,1,2,2,2,0,2,2,1,2,1,2,2,2,1,1,1,50,50,4,2,Yes
0,2,1,3,2,1,1,2,3,0,1,0,2,2,0,0,0,0,0,1,2,2,1,0,2,1,50,50,0,0,No
0,1,1,3,2,1,1,2,3,0,0,0,2,0,0,0,1,4,4,2,0,2,2,1,2,2,50,50,2,0,Yes
0,1,1,3,2,0,2,2,2,0,0,0,2,2,0,2,0,0,1,0,0,2,2,1,0,1,50,50,5,0,Yes
0,1,1,3,2,1,1,0,0,2,1,0,0,1,0,0,1,0,4,3,2,2,2,1,1,2,50,50,5,0,Yes
0,2,1,3,2,1,1,0,1,1,1,1,1,0,0,0,1,0,0,1,2,2,2,1,0,0,50,50,5,2,Yes
0,2,1,3,0,1,1,0,2,0,1,1,0,0,0,2,0,0,3,0,1,2,2,1,2,1,50,50,10,2,Yes
0,5,1,0,0,1,0,0,0,0,1,0,1,1,0,0,1,3,3,0,2,1,1,0,2,1,50,50,0,2,No
1,2,1,3,0,1,1,0,3,0,1,0,2,0,0,0,0,0,0,1,2,2,2,1,0,1,47,46,7,2,Yes
0,4,1,2,0,1,1,0,4,0,1,1,1,0,0,0,1,0,1,3,2,2,2,1,2,1,49,49,0,2,Yes
0,2,1,3,1,1,0,0,5,1,1,0,2,2,0,0,0,0,1,0,1,0,1,0,0,1,50,50,10,2,No
0,2,1,1,0,1,1,1,2,0,0,1,1,1,0,2,1,0,0,1,2,0,1,0,2,1,49,49,0,1,No
0,1,1,1,1,1,1,0,3,0,0,1,1,1,0,1,1,3,3,0,0,1,0,0,0,1,29,28,0,1,Maybe
0,1,1,0,1,1,1,0,5,0,1,0,0,0,0,1,1,3,3,2,1,1,1,1,0,1,22,21,0,2,No
0,1,1,0,0,1,0,0,0,1,1,0,0,2,0,2,0,0,0,1,2,1,1,0,1,1,50,50,0,0,Maybe
0,4,1,0,1,1,1,2,3,2,2,2,2,1,0,1,1,3,0,2,1,2,2,1,0,1,49,49,8,1,Yes
1,2,1,3,0,1,1,0,3,0,1,0,2,0,0,2,0,4,0,1,2,2,0,1,0,1,50,50,5,0,Yes
1,2,1,3,0,1,1,0,3,0,1,0,2,0,0,0,0,4,3,3,2,0,2,1,1,0,50,50,5,0,Yes
0,2,1,3,2,2,2,0,0,0,0,0,0,2,0,0,0,3,3,0,2,2,0,0,2,1,11,10,5,1,Maybe
0,5,1,3,2,1,1,0,5,1,1,0,0,0,0,0,0,1,1,1,2,1,2,1,1,1,50,50,0,2,Yes
0,2,1,0,1,1,0,2,3,0,0,0,2,2,0,0,0,0,2,1,2,2,2,1,1,0,34,33,4,2,Yes
1,2,1,3,0,1,1,0,3,0,1,0,2,0,0,0,0,0,0,2,2,2,0,1,0,0,50,50,1,0,No
0,1,0,3,1,2,0,2,5,1,1,0,2,2,0,2,0,0,1,1,2,1,0,0,1,1,17,16,0,2,Maybe
1,2,1,3,0,1,1,0,3,0,1,0,2,0,0,1,1,3,0,1,2,2,1,0,1,1,22,21,5,2,No
0,4,1,1,1,1,1,0,0,2,1,1,1,0,1,1,1,4,4,3,2,1,0,0,0,1,49,49,5,2,Maybe
1,2,1,3,0,1,1,0,3,0,1,0,2,0,0,1,1,0,3,0,2,2,2,1,0,1,50,50,0,2,Yes
0,5,1,3,2,1,2,0,5,0,1,0,1,0,0,2,1,3,3,1,2,2,2,1,1,1,34,33,4,2,Yes
0,2,0,1,0,1,1,0,1,1,1,0,0,0,0,0,0,0,1,1,2,0,2,1,0,1,22,21,3,1,Yes
0,1,1,1,0,1,1,0,4,0,1,0,0,0,0,0,1,4,0,2,0,0,2,1,0,1,49,49,0,1,Yes
0,5,0,0,0,1,1,1,2,2,0,1,1,1,0,0,0,3,3,0,0,1,2,0,0,1,33,32,3,2,Maybe
1,2,1,3,0,1,1,0,3,0,1,0,2,0,0,0,0,3,3,1,2,2,2,1,2,1,46,45,5,2,Yes
1,2,1,3,0,1,1,0,3,0,1,0,2,0,0,0,1,3,0,1,2,2,0,1,2,0,50,50,1,0,Maybe
0,4,1,1,1,1,1,0,5,1,1,0,2,2,0,2,2,0,1,0,2,2,1,0,2,1,50,50,5,2,No
0,5,0,0,0,1,1,0,4,2,1,1,1,1,0,0,1,0,0,1,2,2,1,1,0,0,50,50,8,2,No
1,2,1,3,0,1,1,0,3,0,1,0,2,0,0,0,1,0,0,3,2,2,2,1,3,1,50,50,7,0,Yes
0,1,0,3,2,1,2,0,1,1,1,0,0,0,0,2,1,0,0,1,2,2,2,1,0,1,50,50,5,2,Yes
0,0,1,1,0,1,1,0,5,0,0,1,1,0,1,1,1,0,1,1,2,1,1,0,2,1,40,39,5,1,No
0,5,1,2,1,0,0,0,5,1,1,0,0,0,0,1,1,1,1,1,2,1,1,0,2,1,50,50,0,2,No
0,5,0,3,2,2,1,2,2,0,1,0,2,1,0,2,0,0,0,1,2,2,0,0,1,1,50,50,10,2,Maybe
0,4,1,3,2,2,2,2,5,1,1,2,2,2,0,0,1,1,0,1,2,2,2,1,0,0,50,50,2,2,Yes
0,2,1,0,1,1,0,0,3,1,1,0,2,2,0,2,1,3,1,1,2,2,2,1,2,1,50,50,0,2,Maybe
1,2,1,3,0,1,1,0,3,0,1,0,2,0,0,1,1,0,0,1,2,0,0,0,2,1,49,49,10,2,No
0,5,1,3,0,2,1,2,2,2,1,2,2,1,1,2,1,0,2,2,2,2,2,1,2,2,50,50,5,2,Yes
0,1,1,0,0,1,0,0,0,1,1,2,2,0,0,1,1,0,1,1,2,1,2,0,0,1,50,50,0,2,Yes
0,3,0,3,2,2,2,2,3,0,1,1,1,2,0,2,1,3,3,1,2,2,1,0,0,1,49,49,4,2,No
1,2,1,3,0,1,1,0,3,0,1,0,2,0,0,0,0,1,1,1,2,0,0,1,1,1,49,49,7,2,No
1,2,1,3,0,1,1,0,3,0,1,0,2,0,0,0,1,0,0,2,2,2,2,1,0,0,34,33,2,2,Yes
0,4,1,1,0,1,1,0,3,0,0,2,2,0,0,0,0,0,0,1,2,2,1,0,0,1,17,16,0,2,No
0,0,1,2,0,2,2,2,5,1,1,2,2,2,0,2,0,3,3,3,2,2,2,1,0,1,49,49,7,0,Yes
0,4,1,2,0,1,1,0,2,0,1,0,0,1,0,2,1,3,1,2,2,2,2,1,1,1,49,49,3,2,Yes
1,2,1,3,0,1,1,0,3,0,1,0,2,0,0,0,0,0,3,0,2,0,0,0,0,1,11,10,0,0,Maybe
0,2,0,0,0,1,1,0,0,0,1,1,0,1,0,1,1,3,0,0,0,2,2,1,0,1,50,50,5,1,No
0,5,1,3,1,1,0,0,0,1,1,1,1,0,0,1,1,3,3,0,2,1,1,0,0,1,11,10,5,0,No
0,2,1,3,1,1,1,0,4,2,1,0,1,0,0,2,1,3,3,3,2,2,2,1,0,1,50,50,0,2,Yes
0,5,0,2,0,0,0,0,1,0,0,0,1,0,0,2,2,0,0,3,2,0,1,1,0,1,50,50,8,1,Maybe
0,5,0,3,2,1,1,2,2,2,2,1,1,1,0,1,1,3,3,3,1,2,2,1,0,0,50,50,5,2,Yes
0,2,0,1,1,1,1,2,0,1,1,2,2,2,0,0,0,4,1,1,2,1,1,0,2,1,22,21,0,1,No
1,2,1,3,0,1,1,0,3,0,1,0,2,0,0,0,1,3,3,0,2,1,2,1,0,1,49,49,5,2,Yes
0,4,1,1,0,1,1,0,0,0,0,1,1,1,0,2,2,0,0,1,2,1,1,0,0,1,50,50,5,2,No
0,5,1,3,2,1,0,0,4,0,1,0,1,1,0,0,1,0,0,1,2,2,2,1,0,0,50,50,10,0,Yes
0,2,1,3,1,2,1,2,5,1,1,0,2,2,0,0,1,3,0,0,1,2,2,1,0,1,50,50,0,2,Yes
0,4,1,2,0,1,1,0,1,0,1,0,1,0,0,0,1,3,1,1,2,0,0,0,2,2,11,10,0,1,Maybe
1,2,1,3,0,1,1,0,3,0,1,0,2,0,0,0,2,4,3,2,2,2,2,1,0,1,50,50,7,1,Yes
0,5,1,0,1,1,1,0,2,0,0,1,1,0,0,0,1,0,0,0,2,2,2,1,3,0,50,50,8,2,Maybe
0,0,0,1,1,1,1,1,4,2,2,1,1,0,0,1,1,4,4,1,2,2,1,0,2,1,50,50,9,1,Yes
0,1,1,3,2,1,1,0,3,0,1,1,0,0,0,1,1,0,0,0,2,0,0,1,1,1,45,44,4,2,Maybe
0,2,1,1,1,1,1,0,3,1,1,0,1,0,0,1,1,0,0,1,2,1,1,0,0,1,22,21,3,2,Maybe
0,1,1,3,2,2,2,2,5,1,1,1,0,2,0,0,1,3,3,0,2,2,2,1,0,1,50,50,0,2,Yes
1,2,1,3,0,1,1,0,3,0,1,0,2,0,0,2,2,0,0,3,2,2,2,1,2,1,4,3,5,0,Maybe
0,4,1,3,1,2,0,2,3,1,1,2,2,0,0,0,0,0,2,1,2,2,0,0,0,1,34,33,0,1,Yes
1,2,1,3,0,1,1,0,3,0,1,0,2,0,0,0,0,0,0,3,1,2,1,0,2,1,49,49,4,0,Maybe
0,4,1,3,0,1,1,0,0,0,1,1,1,0,0,0,1,4,3,1,2,2,2,1,2,1,50,50,5,2,Yes
0,0,0,1,0,1,0,1,4,2,0,1,1,1,0,1,1,3,3,3,2,2,2,1,0,0,50,50,11,2,Yes
1,2,1,3,0,1,1,0,3,0,1,0,2,0,0,2,1,4,4,2,2,0,2,1,1,1,49,49,8,0,Maybe
1,2,1,3,0,1,1,0,3,0,1,0,2,0,0,2,2,1,1,3,1,1,1,0,2,1,50,50,1,2,No
0,4,0,0,1,1,1,0,4,2,2,0,2,0,0,1,1,3,3,2,0,2,0,0,0,0,50,50,0,2,Maybe
0,5,1,1,1,1,0,0,2,2,1,1,1,0,0,2,1,3,3,1,2,2,2,1,2,1,50,50,8,2,Yes
0,5,0,0,0,1,2,0,1,0,1,1,1,1,0,2,0,3,0,2,1,0,2,1,2,1,50,50,8,2,Maybe
1,2,1,3,0,1,1,0,3,0,1,0,2,0,0,2,0,3,0,1,2,1,1,0,2,1,22,21,5,2,No
0,5,0,3,0,2,2,2,3,0,0,1,1,0,0,2,0,3,3,0,0,1,1,0,1,1,50,50,3,2,No
0,3,1,3,2,2,2,0,3,1,1,2,2,1,0,2,0,0,1,0,1,2,2,1,2,1,50,50,0,2,Yes
1,2,1,3,0,1,1,0,3,0,1,0,2,0,0,0,1,3,3,3,2,2,2,1,0,0,50,50,5,0,Yes
0,5,1,3,0,0,2,2,1,2,2,1,1,0,0,0,1,3,3,0,0,1,1,0,1,1,50,50,11,2,No
1,2,1,3,0,1,1,0,3,0,1,0,2,0,0,0,1,3,3,3,2,2,2,1,1,0,50,50,1,0,Yes
0,0,1,0,0,0,1,0,3,0,1,2,2,2,0,2,0,0,0,1,2,0,1,1,0,0,50,50,5,0,No
0,2,1,3,2,2,2,2,0,1,1,0,2,0,0,2,1,0,1,1,2,2,2,1,0,1,50,50,0,1,Yes
0,5,0,0,0,0,0,0,0,0,1,1,0,0,0,2,0,3,0,1,2,1,2,1,0,0,50,50,0,2,No
0,1,0,1,1,1,1,0,1,0,0,1,1,0,0,2,0,3,3,3,0,1,1,0,0,1,50,50,5,2,No
0,5,1,3,2,1,0,2,2,2,0,1,1,0,0,0,1,3,3,0,0,2,2,1,2,0,50,50,10,1,Yes
1,2,1,3,0,1,1,0,3,0,1,0,2,0,0,1,1,3,3,3,2,0,2,1,1,0,50,50,8,1,No
0,2,1,0,1,0,0,0,1,0,1,0,0,0,0,0,1,3,0,1,2,0,2,1,2,1,50,50,5,2,Yes
0,2,1,3,2,1,2,2,4,2,0,0,0,1,0,2,1,0,1,2,1,2,2,1,2,0,50,50,5,2,Maybe
0,1,1,3,0,2,1,2,3,1,1,2,2,1,0,1,1,0,1,1,2,2,0,1,0,1,22,21,10,1,Maybe
0,1,0,3,2,2,2,0,3,0,0,2,2,2,0,1,1,2,1,2,2,1,2,1,3,1,50,50,0,2,Yes
1,2,1,3,0,1,1,0,3,0,1,0,2,0,0,0,1,4,3,2,0,2,2,1,3,0,50,50,5,0,Yes
1,2,1,3,0,1,1,0,3,0,1,0,2,0,0,0,1,3,4,0,0,2,2,1,1,0,50,50,4,2,Yes
0,2,1,2,0,1,1,0,3,0,1,2,2,2,0,2,0,3,1,1,2,1,1,0,2,1,49,49,0,1,No
0,5,1,1,0,1,1,0,3,2,0,1,1,0,0,1,1,4,0,0,2,1,2,0,0,1,28,27,0,1,Yes
0,2,0,1,2,1,1,0,4,2,0,2,0,1,1,0,1,0,0,3,1,2,2,1,2,0,50,50,1,1,Yes
0,0,1,0,1,1,0,0,2,1,1,0,2,0,0,0,1,0,1,1,2,2,2,1,0,0,50,50,5,2,Yes
1,2,1,3,0,1,1,0,3,0,1,0,2,0,0,0,1,3,3,1,2,1,1,0,0,1,20,19,5,2,No
0,1,1,3,2,1,0,0,4,2,1,1,1,0,0,0,1,3,3,3,2,2,2,1,0,1,50,50,5,0,Yes
0,5,0,1,0,1,2,2,5,1,1,2,2,1,0,2,0,0,0,2,1,2,2,1,0,1,49,49,5,2,Yes
0,0,1,1,1,1,1,1,2,0,0,1,1,0,0,0,1,3,3,1,2,0,2,0,2,1,49,49,5,1,Yes
0,4,1,2,0,1,1,0,3,1,1,0,0,0,0,0,0,0,0,1,2,0,1,0,2,0,49,49,5,2,No
0,5,0,0,1,1,1,0,5,1,1,0,0,0,0,0,0,0,1,1,2,1,1,0,0,1,49,49,5,1,No
0,4,1,2,0,1,1,0,1,2,0,0,1,1,1,1,1,3,3,3,0,2,0,0,0,1,49,49,5,2,Maybe
0,2,1,1,1,1,1,0,2,0,0,0,0,0,0,0,0,0,0,0,2,0,2,1,0,1,49,49,5,1,Maybe
0,4,1,1,1,1,1,1,2,2,0,1,1,1,0,1,1,3,3,0,2,1,2,0,2,1,12,11,5,1,Yes
0,5,0,3,2,2,2,0,0,1,1,0,2,2,1,0,1,3,0,3,2,1,2,1,2,0,50,50,5,1,Maybe
0,4,1,1,1,0,0,1,4,2,1,0,1,1,0,0,0,0,4,3,0,0,1,1,2,1,12,11,5,2,No
0,2,0,1,0,1,1,0,2,0,1,0,1,0,0,0,1,0,0,2,0,2,2,1,2,1,49,49,5,1,Yes
0,4,0,1,1,1,1,0,1,2,1,1,2,0,0,2,1,4,0,1,2,2,2,1,2,0,12,11,5,2,No
0,5,0,0,1,2,2,2,3,1,1,0,2,2,1,0,2,3,3,1,2,1,1,0,2,1,50,50,5,2,No
0,5,1,0,2,1,2,2,5,1,1,1,2,0,0,0,0,1,1,1,2,1,1,0,2,0,50,50,5,2,No
1,2,1,3,0,1,1,0,3,0,1,0,2,0,0,2,2,1,4,1,2,0,2,0,2,1,24,23,5,2,Yes
0,0,0,1,1,1,1,1,5,1,1,2,2,2,0,0,0,0,2,1,2,1,0,0,2,1,49,49,5,1,No
0,4,0,0,0,1,1,0,0,0,1,1,0,1,0,2,1,3,3,1,2,2,2,1,2,1,50,50,5,1,Yes
0,2,1,1,2,1,1,1,3,0,0,1,1,1,0,0,0,3,1,0,1,2,0,0,0,1,50,50,5,2,Maybe
0,4,1,0,1,1,0,0,2,0,1,2,0,0,0,0,0,0,1,0,1,1,2,1,0,0,50,50,3,0,Yes
0,2,1,3,2,1,0,0,5,0,1,1,2,0,0,2,2,1,1,1,2,1,2,1,2,1,50,50,0,2,Yes
0,5,1,1,2,2,2,0,2,2,2,1,0,1,0,1,1,3,3,2,2,0,1,1,0,0,49,49,5,2,Yes
1,2,1,3,0,1,1,0,3,0,1,0,2,0,0,0,1,0,2,2,0,2,2,1,0,1,50,50,5,2,Yes
0,1,1,1,1,1,1,1,2,0,0,0,0,0,0,1,1,4,3,1,2,0,2,1,0,1,38,37,10,2,Maybe
0,4,0,1,1,1,1,2,1,1,1,0,0,0,0,0,1,0,1,1,2,1,2,1,2,1,49,49,5,1,Yes
0,2,1,3,2,2,2,0,5,1,1,2,2,2,0,2,2,1,1,1,2,1,1,0,0,1,50,50,0,0,No
0,1,1,3,2,1,2,2,3,1,1,2,2,0,0,2,0,1,1,0,1,0,1,1,2,1,50,50,3,2,Yes
0,5,1,0,1,1,0,0,3,0,0,0,0,0,0,2,0,1,1,1,2,0,0,1,2,0,50,50,5,2,Maybe
0,1,1,2,0,1,1,0,2,0,1,0,1,1,0,0,1,0,1,2,2,2,2,1,1,1,22,21,0,2,Maybe
0,2,1,3,2,1,0,0,1,0,1,0,0,0,0,2,0,0,0,1,2,0,0,0,0,1,50,50,2,0,Maybe
0,2,1,0,0,1,2,2,2,0,0,0,0,1,0,1,1,0,0,2,1,1,1,1,2,1,50,50,0,1,Yes
0,1,1,0,1,1,1,0,3,0,1,1,1,1,0,0,1,0,1,1,2,2,1,0,2,1,50,50,5,2,Yes
1,2,1,3,0,1,1,0,3,0,1,0,2,0,0,0,1,3,3,2,2,2,2,1,2,0,50,50,1,2,Yes
1,2,1,3,0,1,1,0,3,0,1,0,2,0,0,2,1,3,3,2,2,1,2,1,2,0,48,50,5,0,Yes
0,5,0,3,2,1,2,0,3,0,1,0,0,2,0,1,1,4,3,2,2,2,2,1,0,1,50,50,3,2,Maybe
1,2,1,3,0,1,1,0,3,0,1,0,2,0,0,2,0,0,0,1,2,2,0,1,2,1,50,50,7,0,Maybe
0,5,0,3,0,0,2,2,2,0,1,0,0,0,0,1,1,0,3,1,2,1,1,0,0,1,50,50,5,2,No
1,2,1,3,0,1,1,0,3,0,1,0,2,0,0,2,2,3,1,1,2,1,0,1,0,1,42,41,5,0,No
1,2,1,3,0,1,1,0,3,0,1,0,2,0,0,1,1,2,1,1,2,2,2,1,2,1,50,50,5,2,Yes
0,3,0,3,0,2,2,0,2,0,1,1,0,0,0,0,1,0,1,0,2,0,1,0,0,1,50,50,0,2,No
0,5,1,3,2,1,2,0,2,0,1,1,1,0,0,0,1,3,3,1,2,2,2,1,0,0,50,50,2,0,Yes
0,1,1,3,1,1,0,0,0,2,0,0,1,0,0,1,1,0,0,0,2,2,2,0,0,1,50,50,3,2,Maybe
1,2,1,3,0,1,1,0,3,0,1,0,2,0,0,0,1,3,3,2,0,1,2,1,0,2,50,50,5,0,Yes
0,5,1,1,0,1,1,0,4,2,0,1,1,1,1,0,1,3,3,3,2,0,2,1,2,1,50,50,5,2,Yes
0,5,1,3,0,2,2,0,4,0,1,1,1,0,1,1,1,3,3,0,0,2,2,1,0,1,50,50,4,1,Yes
0,4,1,2,1,1,1,2,1,0,1,2,1,0,0,2,1,3,3,1,2,2,1,0,2,1,21,20,8,2,No
0,5,1,3,1,1,2,0,0,2,1,1,1,0,0,1,1,3,3,2,0,2,2,0,2,0,28,27,5,1,Yes
0,2,1,3,2,1,1,2,1,1,1,0,2,0,0,1,1,0,0,0,0,2,0,1,2,0,50,50,5,1,Yes
0,2,1,3,2,1,1,0,4,0,1,0,0,1,0,2,1,3,3,3,2,2,2,1,2,0,50,50,10,1,Maybe
0,5,1,3,1,1,1,0,3,0,1,1,0,1,0,2,1,0,0,3,2,1,1,0,0,1,50,50,10,1,No
1,2,1,3,0,1,1,0,3,0,1,0,2,0,0,2,1,3,3,2,2,2,2,1,0,1,50,50,7,0,Yes
0,1,1,2,0,1,1,2,3,1,1,2,2,2,0,2,2,0,0,1,2,1,2,0,0,1,19,18,0,2,Maybe
0,2,1,3,0,1,1,0,2,0,0,1,0,0,0,0,0,1,1,1,2,1,2,1,0,1,50,50,5,2,Yes
0,4,0,3,2,1,1,0,0,0,1,1,1,0,0,0,1,3,3,1,2,1,2,1,0,1,50,50,0,1,Maybe
0,2,1,0,2,1,1,0,1,0,0,1,1,0,0,0,1,3,3,1,2,0,0,1,2,0,50,50,0,0,Maybe
0,1,0,3,0,2,2,0,3,0,1,0,2,0,0,0,0,0,0,0,1,2,2,1,0,0,50,50,8,2,Yes
0,2,1,3,1,1,0,2,2,0,1,0,1,0,0,2,0,3,0,2,0,0,2,1,2,1,50,50,5,1,Maybe
0,5,1,0,0,2,2,0,3,0,1,2,2,0,0,1,1,0,1,3,1,1,1,0,0,1,11,10,0,0,No
0,5,0,0,0,1,1,0,1,2,1,1,0,1,0,2,1,4,4,2,2,2,2,1,0,1,49,49,5,1,Maybe
0,2,1,3,1,1,1,0,4,2,0,1,1,1,0,0,1,3,3,3,2,1,1,0,0,1,50,50,0,2,No
0,0,1,2,2,1,1,1,0,2,2,1,1,0,0,0,1,3,3,2,2,2,2,1,2,0,50,50,8,2,Yes
0,5,0,2,0,2,2,2,1,0,1,2,0,2,0,1,0,3,0,1,2,2,2,1,2,2,50,50,0,1,Maybe
0,2,1,3,2,1,1,1,1,2,0,0,0,1,1,0,1,3,3,3,2,2,2,1,0,1,49,49,3,1,Maybe
0,0,1,3,1,1,1,0,2,2,1,0,1,1,0,0,1,3,1,1,2,2,2,1,2,1,50,50,0,2,Yes
1,2,1,3,0,1,1,0,3,0,1,0,2,0,0,2,1,3,3,3,2,2,2,1,2,1,8,7,4,2,Yes
0,2,1,3,2,1,0,0,4,2,0,1,1,1,0,0,2,3,3,2,2,2,2,1,2,1,50,50,5,0,Yes
0,5,1,3,2,1,1,0,5,1,1,2,2,0,0,2,1,1,1,1,2,2,2,1,0,1,50,50,5,1,Yes
0,1,1,3,2,1,1,2,3,1,1,0,2,0,0,1,1,0,1,0,2,2,0,1,2,1,50,50,0,2,Yes
0,4,1,3,2,2,2,0,5,1,1,2,2,2,0,0,1,3,0,1,2,2,2,1,2,0,50,50,2,0,Maybe
0,5,0,3,1,1,2,0,0,0,0,0,2,1,0,0,1,3,3,1,2,2,2,0,0,1,50,50,0,1,Yes
0,2,1,1,2,2,1,1,0,0,1,0,2,2,0,0,1,3,3,0,1,2,2,0,0,1,50,50,3,2,Yes
0,4,1,1,0,2,1,0,2,2,0,1,2,1,0,1,1,3,1,1,2,2,2,1,2,1,26,25,5,2,Yes
1,2,1,3,0,1,1,0,3,0,1,0,2,0,0,0,1,0,0,3,0,2,2,1,2,1,11,10,5,2,Yes
0,5,1,0,0,1,1,0,0,0,1,1,1,0,0,0,1,3,0,0,1,0,2,1,2,1,39,38,0,1,Maybe
0,4,1,1,1,1,1,1,2,2,1,1,1,1,0,0,1,3,3,3,2,2,2,1,2,2,28,27,5,2,Yes
0,1,1,0,0,1,0,2,0,0,1,1,1,1,0,1,1,0,0,0,2,2,2,1,2,1,0,50,5,2,Yes
1,2,1,3,0,1,1,0,3,0,1,0,2,0,0,1,1,3,0,3,2,1,1,0,0,1,22,21,7,2,No
0,1,1,3,2,2,2,2,1,1,1,0,2,2,0,0,0,0,0,3,1,0,1,1,0,1,49,49,4,0,Yes
0,2,1,0,1,1,1,0,4,2,2,1,1,1,1,1,1,3,3,3,2,1,0,1,0,1,6,5,10,1,Yes
0,4,1,3,0,1,1,2,5,2,2,1,1,2,0,1,1,3,3,3,2,1,2,1,2,0,50,50,8,2,Yes
0,0,1,2,0,2,2,2,1,1,1,0,0,1,0,2,0,0,0,0,0,1,1,0,2,1,50,50,8,2,No
0,1,0,3,2,1,0,2,3,1,1,2,2,0,0,0,1,1,2,1,2,2,2,1,2,0,50,50,5,2,Yes
0,3,1,3,2,1,0,2,4,1,1,2,0,1,0,0,1,3,0,0,1,2,2,1,0,0,50,50,6,1,Yes
0,5,0,2,0,1,0,0,4,0,1,0,1,0,0,0,1,0,1,0,0,2,2,1,2,0,50,50,5,1,Yes
0,3,1,1,1,1,1,0,3,0,1,1,0,0,0,1,1,0,0,0,1,1,1,0,2,1,50,50,5,1,No
0,2,1,1,0,1,1,0,4,2,0,1,1,1,1,0,1,3,3,2,2,2,2,1,0,1,34,33,0,1,Yes
0,2,1,3,0,2,1,0,1,2,1,1,1,2,0,0,0,3,0,1,2,1,2,0,0,1,49,49,0,1,Yes
0,5,1,3,2,2,2,2,3,0,0,2,1,1,1,1,1,0,0,1,2,2,2,1,1,1,50,50,1,2,Yes
1,2,1,3,0,1,1,0,3,0,1,0,2,0,0,0,1,0,0,1,2,0,0,0,2,1,49,49,4,0,Maybe
0,2,1,1,1,1,1,2,5,0,1,2,0,0,0,0,1,0,1,1,2,0,1,0,0,1,19,18,5,1,No
0,2,1,0,0,1,0,0,0,0,0,0,0,0,0,1,1,3,0,3,0,1,1,0,0,1,11,50,5,0,No
0,1,1,3,0,2,0,0,3,1,1,1,0,1,0,0,1,0,0,1,2,1,1,0,2,1,11,10,0,2,No
0,1,1,2,0,1,1,0,2,0,1,0,0,0,0,0,0,3,3,0,1,0,2,1,2,0,11,10,5,2,Yes
0,1,1,3,0,2,2,2,3,1,1,0,2,2,0,0,1,3,0,1,2,0,0,0,2,1,11,10,5,2,Maybe
0,1,1,0,0,1,0,0,3,0,1,0,0,0,0,0,0,4,0,2,0,0,2,1,2,0,11,10,8,2,Yes
0,3,1,3,1,1,1,2,3,1,1,2,2,2,0,1,1,0,1,2,2,2,2,1,0,0,50,50,11,0,Yes
1,2,1,3,0,1,1,0,3,0,1,0,2,0,0,1,1,0,0,0,2,2,1,1,0,0,50,50,8,2,No
1,2,1,3,0,1,1,0,3,0,1,0,2,0,0,0,1,2,3,0,0,2,1,0,3,1,50,0,11,2,No
0,1,1,3,2,2,2,0,2,0,0,2,2,0,1,0,1,4,1,3,2,2,2,1,3,1,50,50,0,2,Maybe
0,1,0,0,0,1,2,0,2,0,1,0,2,1,0,0,1,1,1,2,0,2,0,0,0,0,50,50,3,2,Yes
0,1,1,3,1,1,1,0,4,0,1,0,0,1,0,0,1,3,1,0,1,0,2,0,2,2,11,10,8,2,Yes
